Iteracja,Krok_startowy,x0_start,x1_start,HJ_x0_end,HJ_x1_end,HJ_y_end,HJ_f_calls,Rosen_x0_end,Rosen_x1_end,Rosen_y_end,Rosen_f_calls
1,0.5,0.0918265,0.00795948,-8.76797e-07,-5.60796e-06,1.0259e-09,133,-2.45855e-07,-3.94358e-07,6.87672e-12,143
2,0.5,0.396293,-0.667937,0.774711,7.75946e-07,0.619837,144,0.774715,0.774711,1.23967,197
3,0.5,0.113743,-0.985713,4.34048e-06,-0.774714,0.619837,139,-4.50262e-06,-0.77472,0.619837,215
4,0.5,0.167279,-0.953328,-3.56735e-06,-0.774709,0.619837,174,-3.92209e-07,-0.774719,0.619837,225
5,0.5,0.0129533,0.268373,-1.45425e-06,0.774721,0.619837,131,6.73116e-07,0.774714,0.619837,171
6,0.5,0.236922,0.339836,0.774718,0.774711,1.23967,158,0.774715,0.774712,1.23967,223
7,0.5,-0.657542,-0.301167,0.774709,0.774715,1.23967,169,7.27195e-07,-1.02107e-05,3.3367e-09,251
8,0.5,0.0857663,0.813837,-3.32245e-06,0.774714,0.619837,131,-2.23431e-07,0.774716,0.619837,137
9,0.5,-0.908191,0.374362,-3.61721e-06,0.774722,0.619837,145,-0.774715,0.774712,1.23967,185
10,0.5,0.648032,0.211674,6.70908e-06,0.774723,0.619837,160,0.774716,0.774715,1.23967,169
11,0.5,0.753728,-0.935722,0.774708,-0.774711,1.23967,160,0.774713,-0.774715,1.23967,127
12,0.5,-0.942821,0.424642,-0.774715,0.774709,1.23967,168,-0.774714,-0.774717,1.23967,225
13,0.5,-0.542538,-0.941824,3.02887e-06,-0.77471,0.619837,151,-8.77798e-06,-0.774726,0.619837,159
14,0.5,0.223345,-0.669777,0.774721,7.07821e-06,0.619837,172,0.774716,0.774714,1.23967,205
15,0.5,-0.815424,0.044673,-0.774713,-4.72132e-06,0.619837,137,-0.774717,-1.34991e-06,0.619837,161
16,0.5,0.898737,0.276403,-6.05644e-06,0.774709,0.619837,154,0.774727,0.774714,1.23967,155
17,0.5,-0.947368,0.29503,-0.774714,0.77472,1.23967,159,-0.774719,0.774713,1.23967,177
18,0.5,0.608465,0.166376,5.75073e-06,-5.98972e-06,2.19547e-09,169,0.774728,-8.26211e-07,0.619837,145
19,0.5,0.309317,-0.224256,0.77471,-0.774717,1.23967,153,0.774717,1.76028e-06,0.619837,195
20,0.5,0.213047,-0.67773,0.774708,4.66142e-06,0.619837,160,0.774719,0.774715,1.23967,177
21,0.5,-0.955883,-0.550031,-0.774716,2.59115e-06,0.619837,160,-0.774713,6.63923e-07,0.619837,261
22,0.5,0.662106,-0.613425,-3.48517e-06,-6.87298e-06,1.89094e-09,161,0.774706,5.25331e-06,0.619837,165
23,0.5,0.148802,-0.252128,-1.54919e-06,0.774712,0.619837,157,-3.22809e-06,3.83055e-06,7.99046e-10,137
24,0.5,-0.799588,0.240611,-0.774716,0.774714,1.23967,153,-0.774715,0.77472,1.23967,153
25,0.5,-0.877766,0.848444,-0.774723,0.774714,1.23967,146,-0.774712,0.774716,1.23967,205
26,0.5,-0.547715,0.875962,-1.22262e-06,0.77472,0.619837,153,-2.99789e-06,0.77471,0.619837,221
27,0.5,0.912722,-0.490537,2.27146e-06,2.91248e-06,4.34398e-10,167,0.774723,-2.47087e-06,0.619837,93
28,0.5,0.300604,-0.629816,0.774709,5.2994e-06,0.619837,152,0.774714,1.78488e-06,0.619837,189
29,0.5,-0.432361,-0.476052,-3.02095e-06,7.4471e-06,2.05656e-09,152,2.12617e-06,-8.86088e-07,1.68949e-10,165
30,0.5,-0.299594,-0.247785,0.774716,-0.774716,1.23967,156,0.774715,-4.35261e-06,0.619837,197
31,0.5,0.568622,-0.400857,2.72578e-06,6.32023e-06,1.50855e-09,144,0.774718,-4.79755e-06,0.619837,185
32,0.5,-0.971382,0.621254,-0.774711,-7.60443e-06,0.619837,177,-0.774717,0.774723,1.23967,147
33,0.5,0.894172,0.637083,0.774711,-1.70356e-06,0.619837,154,0.77471,0.77472,1.23967,151
34,0.5,-0.21237,0.203489,-0.774718,0.774717,1.23967,138,5.24907e-06,0.774718,0.619837,145
35,0.5,-0.587173,-0.999323,4.77961e-07,5.92228e-06,1.1241e-09,162,5.55519e-07,0.774722,0.619837,195
36,0.5,0.52576,-0.543056,2.74066e-06,4.19955e-06,8.00757e-10,145,0.774715,-2.27528e-06,0.619837,199
37,0.5,-0.549354,0.187865,-6.74536e-06,0.774718,0.619837,159,4.53608e-06,0.774718,0.619837,133
38,0.5,-0.156482,0.599448,-2.6725e-06,6.96424e-06,1.77181e-09,161,-1.70399e-07,0.774715,0.619837,187
39,0.5,0.935738,0.0439304,0.774712,3.9071e-07,0.619837,138,0.774713,3.0494e-06,0.619837,203
40,0.5,-0.159941,-0.942028,1.79691e-06,-0.774716,0.619837,166,4.11599e-06,-0.774713,0.619837,263
41,0.5,-0.107625,0.292344,-5.09578e-06,0.77472,0.619837,137,-1.74156e-06,0.774715,0.619837,165
42,0.5,0.933933,-0.194903,0.774723,-0.774722,1.23967,169,0.774714,3.26201e-06,0.619837,275
43,0.5,0.801807,0.234537,0.774723,0.774713,1.23967,160,0.77472,0.774717,1.23967,219
44,0.5,0.17528,-0.630554,2.47414e-06,4.65833e-07,2.0183e-10,167,-4.01081e-08,-1.41402e-06,6.3719e-11,151
45,0.5,0.758486,0.875686,0.774721,0.774719,1.23967,130,0.774719,0.774718,1.23967,221
46,0.5,0.121662,0.327107,3.29647e-06,0.774708,0.619837,168,4.75482e-06,0.774718,0.619837,143
47,0.5,-0.525171,0.15028,5.91319e-06,-4.15689e-06,1.66363e-09,138,3.22819e-06,1.99891e-07,3.33111e-10,185
48,0.5,-0.051639,-0.630999,-3.24894e-06,-2.12324e-06,4.79669e-10,161,6.21128e-06,-4.72125e-06,1.93826e-09,167
49,0.5,-0.212637,0.735991,-0.77471,0.774718,1.23967,131,1.26054e-05,0.774718,0.619837,175
50,0.5,0.57249,0.20019,-4.044e-06,0.774714,0.619837,160,0.774718,0.774713,1.23967,243
51,0.5,0.736668,0.09825,0.774708,-1.30334e-06,0.619837,153,0.774717,-6.81945e-06,0.619837,173
52,0.5,0.657134,-0.812686,-1.18294e-06,-0.774722,0.619837,139,0.774717,-0.774714,1.23967,277
53,0.5,-0.713884,-0.499348,-0.774721,-3.85637e-06,0.619837,138,-0.774713,9.96654e-07,0.619837,261
54,0.5,0.786763,-0.778147,0.774709,-0.774714,1.23967,124,0.774711,-0.774719,1.23967,219
55,0.5,0.544583,-0.373178,-3.46473e-06,6.35098e-06,1.66662e-09,161,0.774717,-6.0626e-06,0.619837,259
56,0.5,-0.720175,-0.563043,-0.77471,6.69734e-06,0.619837,146,-0.774719,-3.41536e-06,0.619837,279
57,0.5,0.919166,-0.786242,6.92528e-06,-0.774721,0.619837,168,-0.774715,-0.774717,1.23967,223
58,0.5,0.242054,0.720973,0.774723,0.774714,1.23967,145,0.774712,0.774721,1.23967,197
59,0.5,0.448295,-0.582666,0.774712,6.3453e-06,0.619837,166,0.774717,3.91752e-06,0.619837,219
60,0.5,-0.909581,0.206781,-4.38183e-06,0.774713,0.619837,166,-0.774713,0.774717,1.23967,123
61,0.5,-0.70698,0.212081,-0.774713,0.774718,1.23967,144,-0.774716,0.774715,1.23967,215
62,0.5,-0.466112,-0.232151,-1.74412e-06,-0.774723,0.619837,168,2.73778e-06,-1.13035e-06,2.79358e-10,205
63,0.5,-0.63764,0.482249,-5.24318e-06,0.774714,0.619837,152,6.44288e-07,0.774718,0.619837,197
64,0.5,0.136851,0.149723,-5.53153e-06,4.15517e-06,1.52408e-09,161,-3.62248e-06,-3.31092e-06,7.66915e-10,131
65,0.5,0.21824,-0.290659,0.774713,0.77471,1.23967,156,0.774721,-7.71006e-06,0.619837,273
66,0.5,-0.650087,-0.045092,-1.22825e-06,-2.24311e-06,2.08255e-10,160,-2.43645e-07,3.75784e-06,4.5155e-10,195
67,0.5,0.807591,-0.992953,0.774708,-0.774722,1.23967,146,0.77472,-0.774709,1.23967,187
68,0.5,0.142223,-0.906293,-4.65236e-06,-0.774717,0.619837,145,-2.55386e-06,-0.774716,0.619837,197
69,0.5,-0.492301,-0.0710145,-6.26756e-06,-9.82876e-08,1.25116e-09,147,9.70367e-07,-1.15951e-06,7.27947e-11,281
70,0.5,-0.68444,-0.947718,-0.774711,-0.774714,1.23967,161,-0.774713,-0.774719,1.23967,169
71,0.5,0.555808,-0.404615,6.25269e-06,2.05012e-06,1.37875e-09,160,0.774716,4.08656e-07,0.619837,189
72,0.5,-0.51076,0.474974,-3.03588e-06,0.774717,0.619837,152,-7.4442e-07,1.81568e-06,1.22621e-10,195
73,0.5,-0.190857,0.731294,-0.774719,0.77472,1.23967,164,1.74988e-06,0.774716,0.619837,283
74,0.5,0.195946,-0.742561,0.774712,-0.774712,1.23967,152,0.774712,-0.774714,1.23967,183
75,0.5,-0.851372,0.286366,-0.774712,0.774723,1.23967,146,-0.774716,0.774717,1.23967,157
76,0.5,0.46422,-0.558352,0.774721,-2.1409e-06,0.619837,130,0.774713,-7.81869e-07,0.619837,189
77,0.5,-0.501554,0.998108,2.86219e-06,-1.78815e-07,2.61876e-10,112,3.53836e-06,0.774717,0.619837,155
78,0.5,0.209498,-0.139193,0.774714,-2.38006e-06,0.619837,152,0.774713,-4.48141e-07,0.619837,223
79,0.5,0.480357,-0.653652,0.774714,4.17807e-06,0.619837,172,-3.42644e-06,-3.90378e-06,8.59112e-10,247
80,0.5,-0.98947,-0.301403,1.77417e-06,0.774723,0.619837,167,-0.774715,0.774719,1.23967,167
81,0.5,0.0556892,-0.639556,-5.39745e-06,5.45923e-07,9.37142e-10,138,5.34925e-07,-5.7707e-06,1.0695e-09,143
82,0.5,0.653505,-0.13672,1.26364e-06,-1.01846e-06,8.38754e-11,139,0.774712,1.8541e-06,0.619837,157
83,0.5,-0.632509,-0.204273,-1.8662e-06,-0.774723,0.619837,146,1.84107e-06,-9.17753e-07,1.34751e-10,191
84,0.5,-0.0430132,-0.12481,1.31175e-06,7.12503e-06,1.67131e-09,131,8.00241e-07,-7.13793e-06,1.64277e-09,145
85,0.5,0.724713,0.272547,0.774716,0.774713,1.23967,138,0.77471,0.774715,1.23967,205
86,0.5,-0.0725276,0.28052,-2.6082e-06,0.774722,0.619837,153,6.62062e-06,0.774724,0.619837,197
87,0.5,0.867931,0.416712,0.774715,-5.64409e-06,0.619837,182,0.774713,1.7816e-06,0.619837,257
88,0.5,-0.244506,-0.322926,-0.774719,-3.77434e-06,0.619837,176,-3.24024e-06,0.774717,0.619837,225
89,0.5,0.148005,0.95144,-4.80882e-06,0.774713,0.619837,146,1.25305e-06,0.77471,0.619837,165
90,0.5,-0.0654868,0.296633,3.88964e-06,0.774722,0.619837,146,4.99598e-06,0.774715,0.619837,129
91,0.5,0.237806,-0.601267,0.774717,5.45308e-06,0.619837,150,0.774716,3.15049e-06,0.619837,193
92,0.5,0.738281,0.736252,0.774719,0.77472,1.23967,144,0.774717,0.774712,1.23967,209
93,0.5,-0.603159,-0.0522209,5.27333e-06,-5.31741e-06,1.78582e-09,167,-2.37662e-06,1.97343e-06,3.03865e-10,185
94,0.5,-0.402941,0.877197,-1.8158e-06,0.774719,0.619837,146,-4.85647e-06,0.774719,0.619837,205
95,0.5,0.294127,-0.39241,0.774718,-4.16266e-08,0.619837,145,0.774717,-2.00259e-06,0.619837,231
96,0.5,-0.424206,-0.650184,3.60728e-06,-6.53679e-06,1.77497e-09,175,8.4389e-06,4.13911e-06,2.8132e-09,239
97,0.5,-0.0319667,-0.770701,5.04296e-07,-0.774714,0.619837,139,-6.20574e-06,-0.774711,0.619837,113
98,0.5,0.213097,0.335524,0.774712,0.774718,1.23967,130,0.774719,0.774715,1.23967,151
99,0.5,0.0250259,-0.829917,1.48128e-06,-0.77471,0.619837,131,-1.16127e-06,-0.774718,0.619837,227
100,0.5,-0.789286,-0.250261,-0.774713,0.774717,1.23967,151,-0.774712,-1.52896e-06,0.619837,243
101,0.25,0.44263,0.138187,0.774722,3.15585e-06,0.619837,133,0.774716,-3.01456e-06,0.619837,189
102,0.25,-0.969741,0.310561,7.59042e-07,0.774718,0.619837,158,-0.774716,0.774718,1.23967,165
103,0.25,-0.445101,-0.214247,-2.48917e-06,1.44298e-06,2.63597e-10,153,3.0122e-06,-3.1431e-06,6.03492e-10,183
104,0.25,0.987636,0.702904,0.774715,0.774712,1.23967,142,0.77472,0.774714,1.23967,225
105,0.25,-0.262807,-0.0778511,-4.80249e-06,-7.39972e-07,7.51848e-10,150,1.61518e-06,3.34574e-06,4.39515e-10,253
106,0.25,-0.00046269,0.974999,-4.92623e-06,0.774712,0.619837,136,-2.90265e-06,0.774709,0.619837,151
107,0.25,0.320882,-0.262181,0.774709,-4.69538e-06,0.619837,130,0.774714,9.92746e-07,0.619837,289
108,0.25,0.711251,0.717722,0.774713,0.774714,1.23967,127,0.774717,0.774714,1.23967,247
109,0.25,0.685598,-0.691689,0.774709,-0.774712,1.23967,148,0.774718,-0.774723,1.23967,155
110,0.25,0.59492,-0.0202748,0.774714,4.10666e-06,0.619837,142,0.77471,1.77008e-06,0.619837,167
111,0.25,-0.0840996,-0.829286,6.86614e-06,-0.774721,0.619837,111,4.98695e-06,-0.774714,0.619837,207
112,0.25,0.329542,0.883934,0.774717,0.774711,1.23967,153,0.774717,0.774714,1.23967,187
113,0.25,-0.599988,-0.457362,-0.774716,5.27247e-06,0.619837,173,1.2582e-05,-2.69186e-06,5.27161e-09,145
114,0.25,0.219458,0.425038,6.00946e-06,0.774709,0.619837,142,0.774715,0.774713,1.23967,191
115,0.25,-0.287278,0.430172,-9.71038e-07,0.774716,0.619837,140,5.81008e-06,0.774713,0.619837,165
116,0.25,-0.825223,-0.844648,-0.774716,-0.774717,1.23967,135,-0.774719,-0.774717,1.23967,169
117,0.25,-0.431641,-0.794964,-3.31286e-07,-0.774716,0.619837,164,-9.06768e-06,-0.774715,0.619837,165
118,0.25,0.465913,0.123258,0.77472,-2.81952e-06,0.619837,119,0.774722,-2.76992e-06,0.619837,157
119,0.25,-0.00921133,0.453549,4.98304e-06,0.774716,0.619837,140,-2.21092e-06,0.774703,0.619837,189
120,0.25,-0.173838,0.727982,5.14129e-06,0.774719,0.619837,141,4.32753e-06,0.774716,0.619837,209
121,0.25,-0.624302,0.825699,-0.774708,0.774719,1.23967,149,5.18273e-06,0.774718,0.619837,165
122,0.25,0.702981,0.69658,0.774712,0.77472,1.23967,133,0.774723,0.774714,1.23967,247
123,0.25,-0.436482,0.414232,-4.48033e-06,0.774721,0.619837,144,-1.15896e-06,0.774714,0.619837,217
124,0.25,0.414302,-0.750884,0.774715,-0.774718,1.23967,143,0.774716,-0.774713,1.23967,237
125,0.25,0.722543,0.0092217,0.774713,5.38724e-06,0.619837,133,0.774718,-2.02412e-06,0.619837,197
126,0.25,0.228841,-0.361557,4.87139e-06,3.17878e-07,7.58854e-10,154,0.774715,-4.44587e-06,0.619837,273
127,0.25,0.179935,-0.441617,3.8227e-06,2.44033e-06,6.54943e-10,129,0.774712,6.36292e-06,0.619837,233
128,0.25,-0.477623,0.579948,-7.57048e-06,0.774711,0.619837,153,6.62161e-06,0.774716,0.619837,223
129,0.25,0.101021,0.741835,-7.54506e-06,0.774718,0.619837,149,-1.53475e-06,0.774716,0.619837,197
130,0.25,0.00498628,0.813743,-3.34298e-06,0.774711,0.619837,136,3.26612e-06,0.774716,0.619837,205
131,0.25,0.172007,0.179763,-5.04815e-06,-5.61969e-07,8.21526e-10,127,2.45632e-06,-2.01491e-06,3.21398e-10,237
132,0.25,0.969095,0.740366,0.774713,0.774714,1.23967,142,0.774717,0.774723,1.23967,257
133,0.25,0.384799,0.435008,0.774722,0.774714,1.23967,160,0.774718,0.774714,1.23967,147
134,0.25,-0.136376,-0.624412,7.05983e-06,-0.774711,0.619837,148,-5.11338e-06,-4.50835e-06,1.47978e-09,203
135,0.25,-0.111444,0.689786,6.65564e-06,0.774716,0.619837,141,-3.3997e-06,0.774717,0.619837,233
136,0.25,-0.89643,0.264254,-0.774711,2.51516e-06,0.619837,142,-0.774713,0.774712,1.23967,269
137,0.25,0.515485,0.80655,0.774716,0.77472,1.23967,149,-0.774718,0.774718,1.23967,277
138,0.25,-0.0391662,-0.920997,3.08778e-06,-7.32482e-06,2.01204e-09,140,-4.06248e-06,-0.774712,0.619837,111
139,0.25,0.220782,-0.624864,3.02178e-06,-0.774721,0.619837,149,0.774718,7.23743e-06,0.619837,165
140,0.25,-0.671882,-0.0566747,-0.774711,-3.52648e-06,0.619837,157,0.774716,1.32622e-06,0.619837,199
141,0.25,0.384357,0.556959,0.774723,0.774718,1.23967,145,0.774712,0.774713,1.23967,191
142,0.25,0.581769,-0.435707,0.774716,7.59706e-06,0.619837,151,0.774721,-1.83353e-06,0.619837,155
143,0.25,-0.884658,-0.895854,-0.774718,4.47878e-06,0.619837,169,-0.774718,-0.774715,1.23967,197
144,0.25,-0.855759,0.216363,-0.77472,-6.7925e-06,0.619837,142,-0.774716,0.774722,1.23967,209
145,0.25,0.845981,0.149227,0.774722,-3.87656e-06,0.619837,135,0.774715,-1.58801e-06,0.619837,151
146,0.25,0.0301055,0.017988,-5.07431e-08,-2.13132e-06,1.44728e-10,142,-3.29538e-06,-7.62471e-06,2.197e-09,249
147,0.25,-0.67101,-0.00079994,-0.774708,-6.48247e-06,0.619837,135,0.774718,-5.05686e-06,0.619837,137
148,0.25,-0.241646,0.713789,-7.51076e-06,0.774718,0.619837,135,3.27927e-07,0.774718,0.619837,139
149,0.25,-0.565792,0.621978,-0.774716,0.774719,1.23967,149,3.45958e-06,0.774715,0.619837,229
150,0.25,-0.910623,0.322764,6.49788e-06,0.774714,0.619837,174,-0.774704,0.774719,1.23967,169
151,0.25,0.311764,-0.807053,0.774716,-0.77472,1.23967,141,0.774716,-0.774716,1.23967,225
152,0.25,-0.412982,-0.172751,-2.51523e-06,-6.3531e-06,1.48667e-09,144,-2.78241e-06,-5.80368e-07,2.57243e-10,209
153,0.25,0.999497,0.547852,0.77472,0.77472,1.23967,133,0.774713,0.774721,1.23967,157
154,0.25,-0.0937484,0.220279,1.58088e-06,3.62062e-06,4.97e-10,120,-2.11829e-06,0.774717,0.619837,237
155,0.25,0.922988,0.23437,0.774718,-4.97828e-06,0.619837,135,0.774719,0.774711,1.23967,209
156,0.25,-0.836395,0.307345,-0.774719,0.774722,1.23967,152,-0.774712,0.774711,1.23967,257
157,0.25,-0.208671,0.745373,-6.66604e-06,0.774716,0.619837,156,1.59096e-06,0.774715,0.619837,189
158,0.25,0.871638,-0.0933287,0.774714,-5.91348e-06,0.619837,128,0.774714,3.35823e-06,0.619837,229
159,0.25,0.849519,-0.984121,0.774721,-0.774709,1.23967,156,0.774716,-0.774709,1.23967,151
160,0.25,-0.876966,0.6955,-0.774717,0.774708,1.23967,156,-0.774719,0.774718,1.23967,197
161,0.25,0.165106,0.15314,5.92189e-06,2.50114e-06,1.31588e-09,148,-2.71974e-06,-3.14873e-06,5.51241e-10,221
162,0.25,-0.286512,0.494096,2.14796e-06,0.774721,0.619837,146,-4.09272e-06,0.774712,0.619837,151
163,0.25,-0.84766,0.471842,-0.774723,0.774714,1.23967,163,-0.774716,0.77472,1.23967,201
164,0.25,0.207886,-0.413453,2.10516e-08,-4.08577e-07,5.32974e-12,136,0.774715,1.35149e-06,0.619837,223
165,0.25,0.0938205,0.297263,-5.81374e-06,0.77471,0.619837,146,1.42402e-06,0.774719,0.619837,243
166,0.25,0.909312,-0.594415,0.774714,-0.774713,1.23967,149,0.774717,-2.59119e-06,0.619837,237
167,0.25,0.49021,-0.50367,0.77471,7.30459e-06,0.619837,144,0.774715,1.99835e-06,0.619837,183
168,0.25,0.232833,0.489707,-4.1759e-07,0.77471,0.619837,149,0.774715,6.08766e-06,0.619837,161
169,0.25,-0.955818,-0.860915,-0.774711,-0.774718,1.23967,148,-0.774714,-0.774715,1.23967,243
170,0.25,-0.290014,0.96717,-5.1415e-06,0.774711,0.619837,149,-3.01187e-06,2.46908e-06,4.82978e-10,195
171,0.25,0.373455,-0.126409,0.774715,-5.04829e-06,0.619837,153,0.774714,6.44672e-06,0.619837,245
172,0.25,0.274515,-0.835216,-5.68699e-06,-0.774714,0.619837,143,0.774718,-0.77473,1.23967,157
173,0.25,-0.381035,0.146153,7.09417e-06,4.64411e-06,2.28932e-09,150,1.29143e-06,2.13114e-06,1.97729e-10,179
174,0.25,0.0714558,-0.531516,-1.13665e-06,-6.80216e-06,1.51447e-09,175,-4.36676e-06,-1.86662e-06,7.18138e-10,191
175,0.25,0.162032,0.19449,-8.16229e-07,1.41524e-06,8.49916e-11,156,-4.11354e-06,0.774717,0.619837,227
176,0.25,-0.836016,-0.672862,-0.774722,-0.774714,1.23967,150,-0.774722,0.774718,1.23967,209
177,0.25,-0.65237,-0.122528,-0.774715,-3.74914e-07,0.619837,118,8.96279e-06,-9.04215e-06,5.16142e-09,177
178,0.25,0.821235,-0.500031,0.774711,-6.58911e-08,0.619837,147,0.774717,2.21488e-07,0.619837,133
179,0.25,-0.650686,0.0291204,-0.77471,6.60914e-06,0.619837,121,5.32851e-06,3.17489e-07,9.07316e-10,173
180,0.25,0.0865169,0.443134,-4.74469e-07,0.774723,0.619837,155,4.01597e-07,0.774714,0.619837,235
181,0.25,-0.673617,-0.00417156,-0.774721,-5.91343e-06,0.619837,120,0.774715,-3.6518e-07,0.619837,235
182,0.25,0.848719,0.816593,0.774714,0.774723,1.23967,142,0.774714,0.774716,1.23967,165
183,0.25,0.492158,0.0815522,0.774721,-6.03354e-06,0.619837,164,0.774719,-7.75324e-07,0.619837,201
184,0.25,0.3063,0.53634,0.774714,0.774713,1.23967,146,4.06278e-07,-0.774715,0.619837,193
185,0.25,0.220637,-0.983714,-4.87118e-06,-0.774714,0.619837,127,0.774713,-0.774719,1.23967,255
186,0.25,0.50351,-0.405908,0.77472,6.57169e-06,0.619837,151,-3.98714e-06,-6.09168e-06,1.68784e-09,177
187,0.25,-0.110123,-0.221974,7.49202e-08,-4.84158e-06,7.46597e-10,134,3.43299e-06,-2.31343e-06,5.45697e-10,139
188,0.25,-0.241123,0.508842,-3.91027e-06,0.774711,0.619837,142,3.23477e-06,-0.774712,0.619837,181
189,0.25,0.924179,0.830332,-1.96544e-07,0.774714,0.619837,173,-0.774719,0.774721,1.23967,219
190,0.25,0.977326,0.0862111,0.77472,-1.0137e-06,0.619837,135,0.774717,3.26185e-06,0.619837,291
191,0.25,0.0248224,-0.858691,-3.63261e-06,-0.774721,0.619837,157,-3.15868e-06,-0.77471,0.619837,173
192,0.25,0.413349,0.372452,0.774723,0.77472,1.23967,143,0.774716,0.774723,1.23967,167
193,0.25,0.018781,0.234584,-2.53179e-06,-4.57874e-06,8.71683e-10,128,-2.35238e-06,0.774713,0.619837,285
194,0.25,0.872421,0.368095,0.774719,0.774711,1.23967,146,0.774713,0.774714,1.23967,191
195,0.25,-0.736296,-0.0410617,-0.774717,-2.5753e-07,0.619837,157,-0.774719,2.3179e-06,0.619837,215
196,0.25,-0.188771,-0.409912,-4.56124e-06,-1.00308e-07,6.62801e-10,146,1.35722e-06,5.12722e-06,8.95743e-10,265
197,0.25,0.954767,-0.340052,0.774713,5.0816e-06,0.619837,141,0.774711,-6.04403e-06,0.619837,201
198,0.25,-0.593319,0.446925,-0.774716,0.774714,1.23967,141,-7.91505e-07,0.774713,0.619837,161
199,0.25,0.7415,0.712981,0.774718,0.774718,1.23967,127,0.774715,0.774713,1.23967,207
200,0.25,-0.0167344,-0.0378629,4.48757e-06,-5.82404e-06,1.72134e-09,133,1.91464e-06,3.67334e-06,5.46394e-10,109
201,0.1,0.729267,-0.513224,0.774714,-0.774711,1.23967,163,0.774716,5.5343e-07,0.619837,159
202,0.1,0.556229,-0.380856,0.774711,3.8718e-06,0.619837,138,0.774715,-4.33941e-06,0.619837,223
203,0.1,0.264802,-0.684894,-5.61119e-06,-0.774713,0.619837,133,0.774708,-0.774716,1.23967,127
204,0.1,-0.872013,0.18898,-0.774711,3.34661e-06,0.619837,137,-0.774719,0.77471,1.23967,187
205,0.1,-0.854561,-0.894688,-0.774715,-0.774717,1.23967,121,-0.774717,-0.774715,1.23967,245
206,0.1,-0.724808,0.170261,-0.774711,-2.68688e-06,0.619837,124,-0.774716,3.35149e-06,0.619837,179
207,0.1,-0.753378,0.688541,-0.774716,0.77471,1.23967,138,-0.774714,0.774718,1.23967,157
208,0.1,-0.457287,0.265403,6.47708e-07,-2.43705e-06,2.02479e-10,172,6.56882e-06,0.774712,0.619837,115
209,0.1,-0.076875,-0.584865,4.89695e-06,-0.774721,0.619837,135,6.03471e-06,-9.53658e-06,4.05559e-09,121
210,0.1,-0.366502,0.186829,1.50047e-06,8.23842e-07,9.33025e-11,154,3.52003e-06,0.774711,0.619837,275
211,0.1,0.374073,0.444727,0.77472,0.774719,1.23967,145,0.774711,0.774715,1.23967,199
212,0.1,0.776917,0.32884,0.77472,-5.56478e-06,0.619837,161,0.774723,0.774717,1.23967,215
213,0.1,-0.895326,-0.816402,-0.77472,-0.774715,1.23967,154,-0.774712,-0.774716,1.23967,175
214,0.1,-0.224235,0.846174,-4.242e-06,0.774714,0.619837,133,3.46416e-06,0.774716,0.619837,233
215,0.1,0.896579,0.75903,0.774716,0.774716,1.23967,115,-8.90092e-07,0.774715,0.619837,153
216,0.1,-0.191689,0.625846,-1.70525e-06,0.774711,0.619837,148,-3.89397e-06,0.774717,0.619837,239
217,0.1,-0.754194,-0.635459,-0.774714,-0.774717,1.23967,142,-0.77471,-1.09733e-07,0.619837,219
218,0.1,-0.755009,0.510608,-0.774712,0.774719,1.23967,155,-0.774716,-0.774718,1.23967,147
219,0.1,-0.320353,-0.627023,-4.1193e-06,-0.774716,0.619837,132,-2.45908e-06,1.39912e-06,2.54887e-10,179
220,0.1,-0.300412,-0.174915,3.31211e-06,-1.21805e-07,3.49787e-10,118,0.774711,-6.55344e-07,0.619837,191
221,0.1,-0.521711,-0.0252202,-0.774714,-4.58502e-07,0.619837,127,-1.28981e-05,-4.62838e-06,5.97952e-09,171
222,0.1,0.995346,-0.275089,0.774716,-3.34497e-06,0.619837,144,0.774715,-2.27507e-07,0.619837,183
223,0.1,-0.336679,-0.461941,2.91367e-06,-2.16098e-06,4.19025e-10,150,-2.24162e-06,-8.6301e-07,1.8372e-10,249
224,0.1,0.990314,0.586446,0.774713,0.774715,1.23967,131,0.774714,0.774722,1.23967,165
225,0.1,-0.0468061,-0.376188,-4.34809e-06,-4.28249e-06,1.18599e-09,148,1.09138e-06,-3.31375e-06,3.87589e-10,159
226,0.1,-0.226725,-0.672733,-3.57257e-06,-0.774711,0.619837,147,1.16933e-06,0.774702,0.619837,195
227,0.1,-0.931462,-0.449808,-0.774711,-2.84903e-06,0.619837,131,-0.774715,-4.39066e-06,0.619837,175
228,0.1,0.656106,-0.826788,0.77471,-0.774712,1.23967,152,0.774716,-0.774713,1.23967,201
229,0.1,-0.266209,-0.568129,1.54224e-06,-0.774721,0.619837,141,-2.13665e-06,2.69593e-06,3.76801e-10,281
230,0.1,-0.980613,-0.36963,-0.774717,-1.49541e-06,0.619837,147,-0.774716,-6.14205e-06,0.619837,235
231,0.1,-0.809098,-0.172302,-0.774711,1.41946e-07,0.619837,144,-0.77472,-5.67661e-06,0.619837,179
232,0.1,-0.743784,-0.563292,-0.774717,-0.774718,1.23967,155,-0.774714,-5.37477e-06,0.619837,215
233,0.1,0.192239,-0.498794,2.2361e-06,-0.774721,0.619837,134,0.774719,-1.35762e-06,0.619837,193
234,0.1,0.947316,0.871885,0.774721,0.774717,1.23967,126,0.774714,0.774714,1.23967,203
235,0.1,-0.125817,-0.353096,1.25807e-06,4.70832e-06,7.56293e-10,128,-3.2492e-06,-4.60885e-06,1.01255e-09,155
236,0.1,-0.303029,0.352473,-2.00593e-06,-5.23247e-06,9.99935e-10,134,6.34809e-06,0.774718,0.619837,193
237,0.1,0.621684,-0.307683,0.774711,-4.81462e-06,0.619837,154,0.774714,9.18062e-07,0.619837,193
238,0.1,-0.922616,-0.714995,-0.774716,-0.774712,1.23967,127,-0.774713,-0.774714,1.23967,173
239,0.1,0.230376,-0.932302,5.23144e-06,-0.774721,0.619837,171,0.774715,-0.774713,1.23967,155
240,0.1,0.871451,-0.81643,0.77471,-0.774718,1.23967,170,0.774713,-0.774715,1.23967,141
241,0.1,-0.30849,-0.355274,5.7721e-06,-8.07343e-07,1.08166e-09,130,-4.36146e-06,1.37756e-07,6.06324e-10,237
242,0.1,-0.489163,-0.239952,-0.77471,1.47967e-06,0.619837,155,2.92698e-06,2.37198e-06,4.51957e-10,179
243,0.1,0.194918,-0.833057,-3.65637e-06,-0.774719,0.619837,152,0.774716,-0.774715,1.23967,165
244,0.1,-0.0667397,0.928709,-3.84369e-06,0.774717,0.619837,150,1.92885e-06,3.73778e-06,5.6334e-10,165
245,0.1,-0.401185,-0.0473531,-1.29892e-06,-1.99743e-06,1.80767e-10,130,5.46539e-07,-1.51864e-06,8.29483e-11,199
246,0.1,-0.440922,-0.210284,-3.60955e-06,-5.44675e-06,1.35955e-09,151,-2.36575e-06,-9.67016e-08,1.78514e-10,223
247,0.1,0.780345,-0.184706,0.774717,-1.29304e-06,0.619837,157,0.774713,3.25401e-06,0.619837,203
248,0.1,0.226424,-0.0274166,-4.01697e-06,3.80619e-07,5.18425e-10,148,0.774723,-3.29816e-06,0.619837,197
249,0.1,0.3165,0.17374,-3.49986e-06,-2.62169e-06,6.089e-10,152,0.774719,-6.26768e-06,0.619837,113
250,0.1,-0.155531,-0.809316,-1.50351e-06,-0.774721,0.619837,160,9.00954e-07,-0.774714,0.619837,145
251,0.1,0.820644,0.541439,0.774721,0.774716,1.23967,161,0.774722,0.77471,1.23967,147
252,0.1,0.543157,0.442328,0.774712,0.774713,1.23967,155,0.774714,0.774718,1.23967,223
253,0.1,-0.766244,0.620541,-0.774715,0.774715,1.23967,146,-0.774718,0.774716,1.23967,169
254,0.1,0.727333,0.464133,0.774721,0.774716,1.23967,158,0.774719,0.774717,1.23967,181
255,0.1,0.688239,0.598783,0.774713,0.774711,1.23967,122,0.77472,0.774712,1.23967,205
256,0.1,0.647703,-0.620252,0.774717,-0.774719,1.23967,155,0.774719,-4.6122e-06,0.619837,153
257,0.1,-0.756491,-0.84146,-0.774716,-0.774712,1.23967,159,-0.774716,-0.77472,1.23967,211
258,0.1,0.139796,0.438427,1.25372e-06,0.774719,0.619837,131,-9.7248e-07,0.774721,0.619837,185
259,0.1,-0.674517,-0.926944,-0.774712,-0.77471,1.23967,138,0.77472,-0.774718,1.23967,219
260,0.1,0.367136,-0.0757021,0.774717,5.8821e-06,0.619837,152,0.774709,-7.16176e-07,0.619837,131
261,0.1,0.0257034,0.926215,-4.5874e-06,0.774713,0.619837,132,2.85938e-07,-0.774709,0.619837,195
262,0.1,0.714014,-0.193952,0.77472,5.76321e-06,0.619837,137,0.774712,-7.49216e-07,0.619837,281
263,0.1,-0.258491,-0.0595617,4.7838e-06,-3.58255e-06,1.1374e-09,132,2.7672e-06,-2.57583e-06,4.55103e-10,239
264,0.1,0.778632,-0.941991,0.774713,-0.774718,1.23967,138,0.774716,-0.774712,1.23967,197
265,0.1,-0.885822,-0.3769,-0.774713,4.64033e-06,0.619837,136,-0.774713,-1.47863e-06,0.619837,273
266,0.1,-0.751307,0.934823,-0.77472,0.774715,1.23967,140,-0.774709,0.774714,1.23967,239
267,0.1,-0.83546,0.791849,-0.774718,0.774711,1.23967,141,-0.774726,0.774713,1.23967,141
268,0.1,0.377151,-0.601704,0.774721,-0.774714,1.23967,147,0.774713,-1.89635e-06,0.619837,183
269,0.1,0.41239,0.104483,0.774719,3.50806e-06,0.619837,137,-2.24871e-06,-1.02585e-06,1.94528e-10,181
270,0.1,0.862429,0.100629,0.774721,-6.06873e-06,0.619837,121,0.774712,2.00579e-06,0.619837,189
271,0.1,-0.296733,0.510132,-4.64269e-06,0.774719,0.619837,164,0.774729,-5.11067e-06,0.619837,135
272,0.1,0.480377,-0.053224,0.774713,-1.39282e-06,0.619837,111,0.774721,4.79413e-06,0.619837,187
273,0.1,0.668671,-0.379827,0.774714,-5.04096e-06,0.619837,133,0.774716,-1.84678e-06,0.619837,261
274,0.1,-0.614797,0.994155,-0.774721,0.774721,1.23967,163,-1.53511e-06,0.774718,0.619837,255
275,0.1,-0.30677,0.752339,4.57517e-06,0.774715,0.619837,146,-1.90827e-06,0.774719,0.619837,219
276,0.1,-0.0815475,0.718933,-4.50252e-06,0.774719,0.619837,122,5.41987e-07,0.774717,0.619837,189
277,0.1,0.678554,-0.367533,0.774721,-4.0681e-06,0.619837,156,0.774713,1.88925e-06,0.619837,183
278,0.1,-0.475019,-0.579937,-0.774713,-0.774713,1.23967,140,-8.59506e-07,-2.57599e-06,2.34822e-10,241
279,0.1,0.572905,-0.696387,0.774712,-0.77472,1.23967,133,0.774718,-0.774713,1.23967,205
280,0.1,-0.521928,0.687083,-0.774711,0.774718,1.23967,141,-4.37071e-06,0.774724,0.619837,227
281,0.1,-0.0732867,-0.273235,4.32717e-06,-5.34396e-06,1.50559e-09,124,-1.3111e-06,-3.98602e-06,5.60663e-10,181
282,0.1,0.621906,0.091253,0.774713,5.45806e-06,0.619837,156,0.774716,1.48568e-06,0.619837,223
283,0.1,-0.481386,-0.00094349,-0.774721,-3.54843e-06,0.619837,135,-5.30721e-06,-4.90916e-06,1.66429e-09,211
284,0.1,0.489549,0.931004,0.774718,0.774718,1.23967,133,0.774711,-6.5435e-06,0.619837,171
285,0.1,-0.89646,0.351978,-0.774719,1.85218e-07,0.619837,170,-0.774714,0.774713,1.23967,229
286,0.1,0.0316329,-0.193193,4.49765e-06,-4.68306e-06,1.34248e-09,149,5.05383e-06,-4.45263e-07,8.1961e-10,127
287,0.1,-0.137891,-0.48799,-1.04652e-07,-0.774721,0.619837,112,-4.12951e-06,1.01694e-07,5.43334e-10,173
288,0.1,0.753583,-0.469219,0.774713,-0.774712,1.23967,130,0.774723,3.27853e-06,0.619837,183
289,0.1,0.132183,-0.861214,5.36904e-06,-0.774715,0.619837,136,-1.63003e-06,-0.774716,0.619837,199
290,0.1,-0.475065,0.825413,-0.774711,0.774717,1.23967,119,-6.18058e-06,0.774703,0.619837,151
291,0.1,0.891125,0.443388,0.774719,0.774711,1.23967,140,0.774714,0.774716,1.23967,209
292,0.1,0.544346,0.569679,0.774717,0.774721,1.23967,151,0.774711,0.774716,1.23967,135
293,0.1,-0.924146,-0.930673,-0.774719,-0.774716,1.23967,138,-0.774714,-0.77472,1.23967,189
294,0.1,0.989742,0.648759,0.774715,0.774712,1.23967,148,0.774713,0.774717,1.23967,197
295,0.1,-0.62706,-0.532186,-0.774716,-0.774715,1.23967,131,-1.81794e-06,2.493e-06,3.03139e-10,165
296,0.1,0.335843,0.299653,2.90318e-06,-4.7171e-06,9.76913e-10,147,0.774715,0.774715,1.23967,153
297,0.1,0.194579,-0.0422514,-1.42716e-06,-2.86225e-06,3.25726e-10,138,0.774713,-1.96685e-06,0.619837,219
298,0.1,-0.609093,0.713193,-0.774718,0.774716,1.23967,127,9.36277e-07,0.774713,0.619837,225
299,0.1,0.956805,0.880456,0.774713,0.774718,1.23967,152,0.774715,0.774718,1.23967,173
300,0.1,0.644197,-0.939655,0.774715,-0.774713,1.23967,132,0.774719,-0.774716,1.23967,235
