t,alpha,omega
0,0,0
0.1,0.00217528,0.0431269
0.2,0.00855058,0.0840099
0.3,0.0189044,0.122707
0.4,0.033021,0.159275
0.5,0.0506903,0.193772
0.6,0.0717082,0.226255
0.7,0.0958761,0.256782
0.8,0.123001,0.285411
0.9,0.152897,0.312197
1,0.185381,0.337198
1.1,0.220279,0.360469
1.2,0.257419,0.382067
1.3,0.296638,0.402046
1.4,0.337776,0.420461
1.5,0.38068,0.437366
1.6,0.425201,0.452814
1.7,0.471196,0.466858
1.8,0.518528,0.479549
1.9,0.567063,0.49094
2,0.616674,0.501079
2.1,0.667238,0.510017
2.2,0.718639,0.517801
2.3,0.770762,0.524481
2.4,0.823499,0.530102
2.5,0.876748,0.53471
2.6,0.930409,0.538351
2.7,0.984388,0.541068
2.8,1.03859,0.542905
2.9,1.09294,0.543904
3,1.14735,0.544105
3.1,1.20174,0.543549
3.2,1.25603,0.542274
3.3,1.31017,0.54032
3.4,1.36408,0.537723
3.5,1.41769,0.53452
3.6,1.47096,0.530744
3.7,1.52382,0.526432
3.8,1.57623,0.521615
3.9,1.62813,0.516326
4,1.67948,0.510595
4.1,1.73024,0.504455
4.2,1.78036,0.497932
4.3,1.82981,0.491057
4.4,1.87856,0.483855
4.5,1.92657,0.476354
4.6,1.97382,0.468579
4.7,2.02028,0.460555
4.8,2.06592,0.452305
4.9,2.11073,0.443851
5,2.15469,0.435217
5.1,2.19777,0.426422
5.2,2.23997,0.417487
5.3,2.28127,0.408432
5.4,2.32165,0.399275
5.5,2.36112,0.390033
5.6,2.39966,0.380725
5.7,2.43726,0.371365
5.8,2.47393,0.361969
5.9,2.50965,0.352552
6,2.54444,0.343128
6.1,2.57828,0.333711
6.2,2.61118,0.324312
6.3,2.64314,0.314944
6.4,2.67417,0.305619
6.5,2.70427,0.296346
6.6,2.73344,0.287136
6.7,2.7617,0.277998
6.8,2.78904,0.268942
6.9,2.81549,0.259975
7,2.84104,0.251105
7.1,2.86571,0.24234
7.2,2.88951,0.233687
7.3,2.91246,0.22515
7.4,2.93455,0.216737
7.5,2.95581,0.208453
7.6,2.97624,0.200302
7.7,2.99587,0.192289
7.8,3.01471,0.184418
7.9,3.03276,0.176693
8,3.05005,0.169116
8.1,3.06659,0.161691
8.2,3.08239,0.15442
8.3,3.09748,0.147305
8.4,3.11186,0.140348
8.5,3.12555,0.133551
8.6,3.13858,0.126916
8.7,3.15094,0.120442
8.8,3.16267,0.11413
8.9,3.17377,0.107982
9,3.18427,0.101997
9.1,3.19418,0.0961745
9.2,3.20351,0.0905153
9.3,3.21229,0.0850186
9.4,3.22052,0.0796835
9.5,3.22823,0.0745094
9.6,3.23543,0.069495
9.7,3.24213,0.0646392
9.8,3.24836,0.0599407
9.9,3.25413,0.0553978
10,3.25945,0.0510091
10.1,3.26433,0.0467726
10.2,3.2688,0.0426865
10.3,3.27288,0.0387488
10.4,3.27656,0.0349573
10.5,3.27987,0.0313099
10.6,3.28283,0.0278043
10.7,3.28544,0.0244381
10.8,3.28772,0.0212089
10.9,3.28968,0.0181142
11,3.29135,0.0151513
11.1,3.29272,0.0123177
11.2,3.29381,0.00961075
11.3,3.29464,0.00702772
11.4,3.29522,0.0045659
11.5,3.29556,0.00222251
11.6,3.29567,-5.22686e-06
11.7,3.29556,-0.00212011
11.8,3.29525,-0.00412494
11.9,3.29474,-0.00602256
12,3.29405,-0.00781578
12.1,3.29318,-0.00950743
12.2,3.29215,-0.0111003
12.3,3.29097,-0.0125973
12.4,3.28964,-0.0140012
12.5,3.28817,-0.0153147
12.6,3.28658,-0.0165406
12.7,3.28486,-0.0176818
12.8,3.28304,-0.0187408
12.9,3.28112,-0.0197205
13,3.2791,-0.0206235
13.1,3.277,-0.0214524
13.2,3.27481,-0.0222099
13.3,3.27256,-0.0228985
13.4,3.27023,-0.0235208
13.5,3.26785,-0.0240793
13.6,3.26542,-0.0245764
13.7,3.26294,-0.0250146
13.8,3.26042,-0.0253963
13.9,3.25786,-0.0257237
14,3.25528,-0.0259993
14.1,3.25267,-0.0262252
14.2,3.25003,-0.0264037
14.3,3.24739,-0.0265368
14.4,3.24473,-0.0266268
14.5,3.24206,-0.0266757
14.6,3.23939,-0.0266854
14.7,3.23673,-0.0266581
14.8,3.23406,-0.0265955
14.9,3.23141,-0.0264996
15,3.22876,-0.0263721
15.1,3.22613,-0.026215
15.2,3.22352,-0.0260297
15.3,3.22093,-0.0258182
15.4,3.21836,-0.0255819
15.5,3.21581,-0.0253224
15.6,3.2133,-0.0250413
15.7,3.21081,-0.0247401
15.8,3.20835,-0.0244202
15.9,3.20592,-0.0240829
16,3.20353,-0.0237297
16.1,3.20118,-0.0233618
16.2,3.19886,-0.0229804
16.3,3.19658,-0.0225868
16.4,3.19434,-0.0221822
16.5,3.19215,-0.0217676
16.6,3.18999,-0.0213441
16.7,3.18788,-0.0209127
16.8,3.18581,-0.0204745
16.9,3.18378,-0.0200304
17,3.1818,-0.0195812
17.1,3.17987,-0.019128
17.2,3.17798,-0.0186714
17.3,3.17613,-0.0182124
17.4,3.17433,-0.0177516
17.5,3.17258,-0.0172897
17.6,3.17088,-0.0168275
17.7,3.16922,-0.0163656
17.8,3.1676,-0.0159047
17.9,3.16604,-0.0154453
18,3.16451,-0.0149879
18.1,3.16304,-0.0145331
18.2,3.16161,-0.0140814
18.3,3.16022,-0.0136333
18.4,3.15888,-0.0131891
18.5,3.15758,-0.0127493
18.6,3.15633,-0.0123144
18.7,3.15512,-0.0118845
18.8,3.15395,-0.0114601
18.9,3.15283,-0.0110414
19,3.15174,-0.0106288
19.1,3.1507,-0.0102226
19.2,3.1497,-0.00982281
19.3,3.14874,-0.00942983
19.4,3.14781,-0.00904381
19.5,3.14693,-0.00866493
19.6,3.14608,-0.00829335
19.7,3.14527,-0.0079292
19.8,3.14449,-0.00757261
19.9,3.14375,-0.00722369
20,3.14305,-0.00688253
20.1,3.14238,-0.0065492
20.2,3.14174,-0.00622376
20.3,3.14113,-0.00590627
20.4,3.14056,-0.00559674
20.5,3.14001,-0.00529522
20.6,3.1395,-0.00500169
20.7,3.13901,-0.00471617
20.8,3.13855,-0.00443864
20.9,3.13812,-0.00416907
21,3.13772,-0.00390744
21.1,3.13734,-0.00365369
21.2,3.13699,-0.00340778
21.3,3.13666,-0.00316965
21.4,3.13636,-0.00293923
21.5,3.13607,-0.00271644
21.6,3.13581,-0.00250122
21.7,3.13557,-0.00229346
21.8,3.13535,-0.00209307
21.9,3.13515,-0.00189997
22,3.13497,-0.00171403
22.1,3.13481,-0.00153517
22.2,3.13467,-0.00136325
22.3,3.13454,-0.00119817
22.4,3.13443,-0.00103981
22.5,3.13433,-0.000888046
22.6,3.13425,-0.000742749
22.7,3.13418,-0.000603791
22.8,3.13413,-0.000471044
22.9,3.13409,-0.000344375
23,3.13406,-0.00022365
23.1,3.13404,-0.000108732
23.2,3.13404,5.12667e-07
23.3,3.13404,0.000104223
23.4,3.13406,0.000202537
23.5,3.13408,0.000295592
23.6,3.13412,0.000383528
23.7,3.13416,0.000466483
23.8,3.13421,0.000544595
23.9,3.13427,0.000618003
24,3.13433,0.000686844
24.1,3.1344,0.000751254
24.2,3.13448,0.00081137
24.3,3.13457,0.000867327
24.4,3.13466,0.000919259
24.5,3.13475,0.000967298
24.6,3.13485,0.00101158
24.7,3.13495,0.00105222
24.8,3.13506,0.00108936
24.9,3.13517,0.00112313
25,3.13528,0.00115364
25.1,3.1354,0.00118102
25.2,3.13552,0.0012054
25.3,3.13564,0.00122688
25.4,3.13577,0.0012456
25.5,3.13589,0.00126165
25.6,3.13602,0.00127516
25.7,3.13615,0.00128623
25.8,3.13627,0.00129498
25.9,3.1364,0.0013015
26,3.13653,0.00130591
26.1,3.13667,0.0013083
26.2,3.1368,0.00130878
26.3,3.13693,0.00130743
26.4,3.13706,0.00130436
26.5,3.13719,0.00129965
26.6,3.13732,0.0012934
26.7,3.13745,0.00128569
26.8,3.13757,0.0012766
26.9,3.1377,0.00126622
27,3.13783,0.00125463
27.1,3.13795,0.0012419
27.2,3.13808,0.00122811
27.3,3.1382,0.00121333
27.4,3.13832,0.00119764
27.5,3.13844,0.0011811
27.6,3.13856,0.00116377
27.7,3.13867,0.00114573
27.8,3.13878,0.00112702
27.9,3.1389,0.00110772
28,3.13901,0.00108787
28.1,3.13911,0.00106753
28.2,3.13922,0.00104676
28.3,3.13932,0.00102561
28.4,3.13942,0.00100411
28.5,3.13952,0.000982331
28.6,3.13962,0.000960304
28.7,3.13972,0.000938073
28.8,3.13981,0.000915681
28.9,3.1399,0.000893166
29,3.13999,0.000870565
29.1,3.14007,0.000847914
29.2,3.14016,0.000825247
29.3,3.14024,0.000802594
29.4,3.14032,0.000779987
29.5,3.14039,0.000757454
29.6,3.14047,0.000735023
29.7,3.14054,0.000712719
29.8,3.14061,0.000690566
29.9,3.14068,0.000668588
30,3.14074,0.000646805
30.1,3.14081,0.000625237
30.2,3.14087,0.000603903
30.3,3.14093,0.000582821
30.4,3.14099,0.000562007
30.5,3.14104,0.000541475
30.6,3.14109,0.00052124
30.7,3.14115,0.000501315
30.8,3.1412,0.00048171
30.9,3.14124,0.000462438
31,3.14129,0.000443506
31.1,3.14133,0.000424925
31.2,3.14137,0.000406702
31.3,3.14141,0.000388843
31.4,3.14145,0.000371355
31.5,3.14149,0.000354243
31.6,3.14152,0.000337512
31.7,3.14155,0.000321165
31.8,3.14159,0.000305205
31.9,3.14162,0.000289634
32,3.14164,0.000274455
32.1,3.14167,0.000259667
32.2,3.1417,0.000245273
32.3,3.14172,0.00023127
32.4,3.14174,0.00021766
32.5,3.14176,0.00020444
32.6,3.14178,0.000191609
32.7,3.1418,0.000179165
32.8,3.14182,0.000167105
32.9,3.14183,0.000155427
33,3.14185,0.000144127
33.1,3.14186,0.000133201
33.2,3.14188,0.000122646
33.3,3.14189,0.000112458
33.4,3.1419,0.000102631
33.5,3.14191,9.3161e-05
33.6,3.14192,8.40428e-05
33.7,3.14193,7.52711e-05
33.8,3.14193,6.68404e-05
33.9,3.14194,5.8745e-05
34,3.14194,5.0979e-05
34.1,3.14195,4.35364e-05
34.2,3.14195,3.64111e-05
34.3,3.14196,2.95967e-05
34.4,3.14196,2.30869e-05
34.5,3.14196,1.68752e-05
34.6,3.14196,1.09549e-05
34.7,3.14196,5.31952e-06
34.8,3.14196,-3.77131e-08
34.9,3.14196,-5.12352e-06
35,3.14196,-9.94466e-06
35.1,3.14196,-1.45079e-05
35.2,3.14196,-1.88201e-05
35.3,3.14196,-2.2888e-05
35.4,3.14195,-2.67185e-05
35.5,3.14195,-3.03182e-05
35.6,3.14195,-3.36939e-05
35.7,3.14195,-3.68524e-05
35.8,3.14194,-3.98003e-05
35.9,3.14194,-4.25442e-05
36,3.14193,-4.50907e-05
36.1,3.14193,-4.74463e-05
36.2,3.14192,-4.96174e-05
36.3,3.14192,-5.16105e-05
36.4,3.14191,-5.34317e-05
36.5,3.14191,-5.50873e-05
36.6,3.1419,-5.65834e-05
36.7,3.1419,-5.7926e-05
36.8,3.14189,-5.91211e-05
36.9,3.14188,-6.01745e-05
37,3.14188,-6.10919e-05
37.1,3.14187,-6.1879e-05
37.2,3.14187,-6.25412e-05
37.3,3.14186,-6.3084e-05
37.4,3.14185,-6.35128e-05
37.5,3.14185,-6.38326e-05
37.6,3.14184,-6.40485e-05
37.7,3.14183,-6.41656e-05
37.8,3.14183,-6.41887e-05
37.9,3.14182,-6.41224e-05
38,3.14182,-6.39715e-05
38.1,3.14181,-6.37404e-05
38.2,3.1418,-6.34335e-05
38.3,3.1418,-6.30551e-05
38.4,3.14179,-6.26092e-05
38.5,3.14178,-6.21e-05
38.6,3.14178,-6.15313e-05
38.7,3.14177,-6.0907e-05
38.8,3.14177,-6.02306e-05
38.9,3.14176,-5.95059e-05
39,3.14175,-5.87361e-05
39.1,3.14175,-5.79247e-05
39.2,3.14174,-5.70749e-05
39.3,3.14174,-5.61897e-05
39.4,3.14173,-5.52723e-05
39.5,3.14172,-5.43254e-05
39.6,3.14172,-5.33519e-05
39.7,3.14171,-5.23545e-05
39.8,3.14171,-5.13357e-05
39.9,3.1417,-5.02981e-05
40,3.1417,-4.92439e-05
40.1,3.14169,-4.81756e-05
40.2,3.14169,-4.70952e-05
40.3,3.14168,-4.60049e-05
40.4,3.14168,-4.49067e-05
40.5,3.14168,-4.38024e-05
40.6,3.14167,-4.2694e-05
40.7,3.14167,-4.15831e-05
40.8,3.14166,-4.04713e-05
40.9,3.14166,-3.93603e-05
41,3.14166,-3.82516e-05
41.1,3.14165,-3.71465e-05
41.2,3.14165,-3.60464e-05
41.3,3.14164,-3.49525e-05
41.4,3.14164,-3.3866e-05
41.5,3.14164,-3.27881e-05
41.6,3.14163,-3.17198e-05
41.7,3.14163,-3.0662e-05
41.8,3.14163,-2.96158e-05
41.9,3.14163,-2.85818e-05
42,3.14162,-2.7561e-05
42.1,3.14162,-2.65541e-05
42.2,3.14162,-2.55617e-05
42.3,3.14161,-2.45845e-05
42.4,3.14161,-2.36231e-05
42.5,3.14161,-2.26779e-05
42.6,3.14161,-2.17494e-05
42.7,3.14161,-2.08382e-05
42.8,3.1416,-1.99444e-05
42.9,3.1416,-1.90686e-05
43,3.1416,-1.8211e-05
43.1,3.1416,-1.73718e-05
43.2,3.1416,-1.65512e-05
43.3,3.14159,-1.57495e-05
43.4,3.14159,-1.49668e-05
43.5,3.14159,-1.42032e-05
43.6,3.14159,-1.34588e-05
43.7,3.14159,-1.27336e-05
43.8,3.14159,-1.20277e-05
43.9,3.14159,-1.1341e-05
44,3.14159,-1.06735e-05
44.1,3.14158,-1.00252e-05
44.2,3.14158,-9.39591e-06
44.3,3.14158,-8.78564e-06
44.4,3.14158,-8.19422e-06
44.5,3.14158,-7.62151e-06
44.6,3.14158,-7.06735e-06
44.7,3.14158,-6.53156e-06
44.8,3.14158,-6.01394e-06
44.9,3.14158,-5.51428e-06
45,3.14158,-5.03237e-06
45.1,3.14158,-4.56796e-06
45.2,3.14158,-4.1208e-06
45.3,3.14158,-3.69063e-06
45.4,3.14158,-3.27719e-06
45.5,3.14158,-2.88019e-06
45.6,3.14158,-2.49935e-06
45.7,3.14158,-2.13437e-06
45.8,3.14157,-1.78495e-06
45.9,3.14157,-1.45078e-06
46,3.14157,-1.13154e-06
46.1,3.14157,-8.26922e-07
46.2,3.14157,-5.36599e-07
46.3,3.14157,-2.60246e-07
46.4,3.14157,2.46602e-09
46.5,3.14157,2.51866e-07
46.6,3.14157,4.88287e-07
46.7,3.14157,7.12062e-07
46.8,3.14157,9.23523e-07
46.9,3.14157,1.123e-06
47,3.14157,1.31084e-06
47.1,3.14158,1.48736e-06
47.2,3.14158,1.65289e-06
47.3,3.14158,1.80778e-06
47.4,3.14158,1.95233e-06
47.5,3.14158,2.08688e-06
47.6,3.14158,2.21175e-06
47.7,3.14158,2.32726e-06
47.8,3.14158,2.43372e-06
47.9,3.14158,2.53145e-06
48,3.14158,2.62075e-06
48.1,3.14158,2.70193e-06
48.2,3.14158,2.77529e-06
48.3,3.14158,2.84112e-06
48.4,3.14158,2.89971e-06
48.5,3.14158,2.95136e-06
48.6,3.14158,2.99634e-06
48.7,3.14158,3.03492e-06
48.8,3.14158,3.06739e-06
48.9,3.14158,3.094e-06
49,3.14158,3.11501e-06
49.1,3.14158,3.13068e-06
49.2,3.14158,3.14126e-06
49.3,3.14158,3.14699e-06
49.4,3.14158,3.14811e-06
49.5,3.14158,3.14485e-06
49.6,3.14158,3.13744e-06
49.7,3.14158,3.1261e-06
49.8,3.14158,3.11104e-06
49.9,3.14158,3.09247e-06
50,3.14158,3.0706e-06
50.1,3.14158,3.04561e-06
50.2,3.14158,3.01772e-06
50.3,3.14158,2.98709e-06
50.4,3.14158,2.95391e-06
50.5,3.14158,2.91836e-06
50.6,3.14158,2.8806e-06
50.7,3.14159,2.8408e-06
50.8,3.14159,2.79912e-06
50.9,3.14159,2.7557e-06
51,3.14159,2.7107e-06
51.1,3.14159,2.66426e-06
51.2,3.14159,2.61651e-06
51.3,3.14159,2.56759e-06
51.4,3.14159,2.51763e-06
51.5,3.14159,2.46673e-06
51.6,3.14159,2.41503e-06
51.7,3.14159,2.36263e-06
51.8,3.14159,2.30964e-06
51.9,3.14159,2.25617e-06
52,3.14159,2.20231e-06
52.1,3.14159,2.14815e-06
52.2,3.14159,2.09378e-06
52.3,3.14159,2.0393e-06
52.4,3.14159,1.98477e-06
52.5,3.14159,1.93029e-06
52.6,3.14159,1.87591e-06
52.7,3.14159,1.82171e-06
52.8,3.14159,1.76775e-06
52.9,3.14159,1.71411e-06
53,3.14159,1.66082e-06
53.1,3.14159,1.60796e-06
53.2,3.14159,1.55556e-06
53.3,3.14159,1.50369e-06
53.4,3.14159,1.45237e-06
53.5,3.14159,1.40167e-06
53.6,3.14159,1.3516e-06
53.7,3.14159,1.30222e-06
53.8,3.14159,1.25355e-06
53.9,3.14159,1.20563e-06
54,3.14159,1.15847e-06
54.1,3.14159,1.11212e-06
54.2,3.14159,1.06659e-06
54.3,3.14159,1.0219e-06
54.4,3.14159,9.78065e-07
54.5,3.14159,9.35113e-07
54.6,3.14159,8.93052e-07
54.7,3.14159,8.51896e-07
54.8,3.14159,8.11655e-07
54.9,3.14159,7.72338e-07
55,3.14159,7.33953e-07
55.1,3.14159,6.96504e-07
55.2,3.14159,6.59996e-07
55.3,3.14159,6.24431e-07
55.4,3.14159,5.89811e-07
55.5,3.14159,5.56134e-07
55.6,3.14159,5.234e-07
55.7,3.14159,4.91605e-07
55.8,3.14159,4.60747e-07
55.9,3.14159,4.30818e-07
56,3.14159,4.01815e-07
56.1,3.14159,3.73728e-07
56.2,3.14159,3.46552e-07
56.3,3.14159,3.20276e-07
56.4,3.14159,2.94892e-07
56.5,3.14159,2.70389e-07
56.6,3.14159,2.46755e-07
56.7,3.14159,2.2398e-07
56.8,3.14159,2.02052e-07
56.9,3.14159,1.80956e-07
57,3.14159,1.60681e-07
57.1,3.14159,1.41212e-07
57.2,3.14159,1.22536e-07
57.3,3.14159,1.04638e-07
57.4,3.14159,8.75021e-08
57.5,3.14159,7.11144e-08
57.6,3.14159,5.54593e-08
57.7,3.14159,4.05211e-08
57.8,3.14159,2.62839e-08
57.9,3.14159,1.27319e-08
58,3.14159,-1.51172e-10
58.1,3.14159,-1.23814e-08
58.2,3.14159,-2.39751e-08
58.3,3.14159,-3.49486e-08
58.4,3.14159,-4.53182e-08
58.5,3.14159,-5.51003e-08
58.6,3.14159,-6.43112e-08
58.7,3.14159,-7.29673e-08
58.8,3.14159,-8.10847e-08
58.9,3.14159,-8.86796e-08
59,3.14159,-9.5768e-08
59.1,3.14159,-1.02366e-07
59.2,3.14159,-1.08489e-07
59.3,3.14159,-1.14153e-07
59.4,3.14159,-1.19373e-07
59.5,3.14159,-1.24165e-07
59.6,3.14159,-1.28544e-07
59.7,3.14159,-1.32524e-07
59.8,3.14159,-1.36121e-07
59.9,3.14159,-1.39349e-07
60,3.14159,-1.42222e-07
60.1,3.14159,-1.44754e-07
60.2,3.14159,-1.46959e-07
60.3,3.14159,-1.48851e-07
60.4,3.14159,-1.50443e-07
60.5,3.14159,-1.51747e-07
60.6,3.14159,-1.52777e-07
60.7,3.14159,-1.53545e-07
60.8,3.14159,-1.54063e-07
60.9,3.14159,-1.54344e-07
61,3.14159,-1.54398e-07
61.1,3.14159,-1.54238e-07
61.2,3.14159,-1.53874e-07
61.3,3.14159,-1.53317e-07
61.4,3.14159,-1.52578e-07
61.5,3.14159,-1.51667e-07
61.6,3.14159,-1.50594e-07
61.7,3.14159,-1.49368e-07
61.8,3.14159,-1.48e-07
61.9,3.14159,-1.46497e-07
62,3.14159,-1.4487e-07
62.1,3.14159,-1.43126e-07
62.2,3.14159,-1.41274e-07
62.3,3.14159,-1.39322e-07
62.4,3.14159,-1.37277e-07
62.5,3.14159,-1.35147e-07
62.6,3.14159,-1.3294e-07
62.7,3.14159,-1.30662e-07
62.8,3.14159,-1.2832e-07
62.9,3.14159,-1.25921e-07
63,3.14159,-1.2347e-07
63.1,3.14159,-1.20974e-07
63.2,3.14159,-1.18438e-07
63.3,3.14159,-1.15868e-07
63.4,3.14159,-1.1327e-07
63.5,3.14159,-1.10647e-07
63.6,3.14159,-1.08005e-07
63.7,3.14159,-1.05349e-07
63.8,3.14159,-1.02683e-07
63.9,3.14159,-1.0001e-07
64,3.14159,-9.73362e-08
64.1,3.14159,-9.46639e-08
64.2,3.14159,-9.1997e-08
64.3,3.14159,-8.93388e-08
64.4,3.14159,-8.66927e-08
64.5,3.14159,-8.40616e-08
64.6,3.14159,-8.14483e-08
64.7,3.14159,-7.88556e-08
64.8,3.14159,-7.6286e-08
64.9,3.14159,-7.37418e-08
65,3.14159,-7.12253e-08
65.1,3.14159,-6.87384e-08
65.2,3.14159,-6.62831e-08
65.3,3.14159,-6.38612e-08
65.4,3.14159,-6.14744e-08
65.5,3.14159,-5.9124e-08
65.6,3.14159,-5.68115e-08
65.7,3.14159,-5.45382e-08
65.8,3.14159,-5.23051e-08
65.9,3.14159,-5.01133e-08
66,3.14159,-4.79638e-08
66.1,3.14159,-4.58573e-08
66.2,3.14159,-4.37946e-08
66.3,3.14159,-4.17762e-08
66.4,3.14159,-3.98027e-08
66.5,3.14159,-3.78745e-08
66.6,3.14159,-3.5992e-08
66.7,3.14159,-3.41555e-08
66.8,3.14159,-3.23651e-08
66.9,3.14159,-3.06209e-08
67,3.14159,-2.89231e-08
67.1,3.14159,-2.72715e-08
67.2,3.14159,-2.56662e-08
67.3,3.14159,-2.4107e-08
67.4,3.14159,-2.25936e-08
67.5,3.14159,-2.11259e-08
67.6,3.14159,-1.97035e-08
67.7,3.14159,-1.83261e-08
67.8,3.14159,-1.69934e-08
67.9,3.14159,-1.57048e-08
68,3.14159,-1.446e-08
68.1,3.14159,-1.32583e-08
68.2,3.14159,-1.20993e-08
68.3,3.14159,-1.09824e-08
68.4,3.14159,-9.90703e-09
68.5,3.14159,-8.87251e-09
68.6,3.14159,-7.87822e-09
68.7,3.14159,-6.92348e-09
68.8,3.14159,-6.00759e-09
68.9,3.14159,-5.12985e-09
69,3.14159,-4.28954e-09
69.1,3.14159,-3.4859e-09
69.2,3.14159,-2.71818e-09
69.3,3.14159,-1.98562e-09
69.4,3.14159,-1.28745e-09
69.5,3.14159,-6.2287e-10
69.6,3.14159,8.89663e-12
69.7,3.14159,6.08648e-10
69.8,3.14159,1.17718e-09
69.9,3.14159,1.7153e-09
70,3.14159,2.22381e-09
70.1,3.14159,2.7035e-09
70.2,3.14159,3.15518e-09
70.3,3.14159,3.57965e-09
70.4,3.14159,3.9777e-09
70.5,3.14159,4.35013e-09
70.6,3.14159,4.69772e-09
70.7,3.14159,5.02125e-09
70.8,3.14159,5.3215e-09
70.9,3.14159,5.59924e-09
71,3.14159,5.85522e-09
71.1,3.14159,6.09019e-09
71.2,3.14159,6.3049e-09
71.3,3.14159,6.50007e-09
71.4,3.14159,6.67644e-09
71.5,3.14159,6.8347e-09
71.6,3.14159,6.97556e-09
71.7,3.14159,7.09971e-09
71.8,3.14159,7.20783e-09
71.9,3.14159,7.30057e-09
72,3.14159,7.37859e-09
72.1,3.14159,7.44253e-09
72.2,3.14159,7.49301e-09
72.3,3.14159,7.53065e-09
72.4,3.14159,7.55604e-09
72.5,3.14159,7.56977e-09
72.6,3.14159,7.57241e-09
72.7,3.14159,7.56453e-09
72.8,3.14159,7.54665e-09
72.9,3.14159,7.51932e-09
73,3.14159,7.48305e-09
73.1,3.14159,7.43835e-09
73.2,3.14159,7.3857e-09
73.3,3.14159,7.32557e-09
73.4,3.14159,7.25843e-09
73.5,3.14159,7.18473e-09
73.6,3.14159,7.1049e-09
73.7,3.14159,7.01936e-09
73.8,3.14159,6.92851e-09
73.9,3.14159,6.83275e-09
74,3.14159,6.73246e-09
74.1,3.14159,6.62801e-09
74.2,3.14159,6.51976e-09
74.3,3.14159,6.40803e-09
74.4,3.14159,6.29316e-09
74.5,3.14159,6.17548e-09
74.6,3.14159,6.05527e-09
74.7,3.14159,5.93285e-09
74.8,3.14159,5.80848e-09
74.9,3.14159,5.68243e-09
75,3.14159,5.55497e-09
75.1,3.14159,5.42634e-09
75.2,3.14159,5.29677e-09
75.3,3.14159,5.16649e-09
75.4,3.14159,5.03573e-09
75.5,3.14159,4.90467e-09
75.6,3.14159,4.77351e-09
75.7,3.14159,4.64245e-09
75.8,3.14159,4.51165e-09
75.9,3.14159,4.38129e-09
76,3.14159,4.25151e-09
76.1,3.14159,4.12247e-09
76.2,3.14159,3.9943e-09
76.3,3.14159,3.86715e-09
76.4,3.14159,3.74112e-09
76.5,3.14159,3.61635e-09
76.6,3.14159,3.49293e-09
76.7,3.14159,3.37096e-09
76.8,3.14159,3.25055e-09
76.9,3.14159,3.13177e-09
77,3.14159,3.01471e-09
77.1,3.14159,2.89944e-09
77.2,3.14159,2.78603e-09
77.3,3.14159,2.67454e-09
77.4,3.14159,2.56503e-09
77.5,3.14159,2.45754e-09
77.6,3.14159,2.35212e-09
77.7,3.14159,2.24881e-09
77.8,3.14159,2.14765e-09
77.9,3.14159,2.04867e-09
78,3.14159,1.95188e-09
78.1,3.14159,1.85732e-09
78.2,3.14159,1.765e-09
78.3,3.14159,1.67493e-09
78.4,3.14159,1.58713e-09
78.5,3.14159,1.50159e-09
78.6,3.14159,1.41833e-09
78.7,3.14159,1.33733e-09
78.8,3.14159,1.25861e-09
78.9,3.14159,1.18214e-09
79,3.14159,1.10792e-09
79.1,3.14159,1.03594e-09
79.2,3.14159,9.66189e-10
79.3,3.14159,8.98641e-10
79.4,3.14159,8.33282e-10
79.5,3.14159,7.70089e-10
79.6,3.14159,7.0904e-10
79.7,3.14159,6.5011e-10
79.8,3.14159,5.93273e-10
79.9,3.14159,5.385e-10
80,3.14159,4.85763e-10
80.1,3.14159,4.3503e-10
80.2,3.14159,3.8627e-10
80.3,3.14159,3.3945e-10
80.4,3.14159,2.94535e-10
80.5,3.14159,2.51491e-10
80.6,3.14159,2.10282e-10
80.7,3.14159,1.70872e-10
80.8,3.14159,1.33224e-10
80.9,3.14159,9.73e-11
81,3.14159,6.30622e-11
81.1,3.14159,3.04721e-11
81.2,3.14159,-5.08889e-13
81.3,3.14159,-2.99198e-11
81.4,3.14159,-5.77998e-11
81.5,3.14159,-8.41882e-11
81.6,3.14159,-1.09124e-10
81.7,3.14159,-1.32647e-10
81.8,3.14159,-1.54797e-10
81.9,3.14159,-1.75611e-10
82,3.14159,-1.95131e-10
82.1,3.14159,-2.13393e-10
82.2,3.14159,-2.30438e-10
82.3,3.14159,-2.46303e-10
82.4,3.14159,-2.61026e-10
82.5,3.14159,-2.74644e-10
82.6,3.14159,-2.87196e-10
82.7,3.14159,-2.98718e-10
82.8,3.14159,-3.09246e-10
82.9,3.14159,-3.18816e-10
83,3.14159,-3.27464e-10
83.1,3.14159,-3.35224e-10
83.2,3.14159,-3.4213e-10
83.3,3.14159,-3.48217e-10
83.4,3.14159,-3.53518e-10
83.5,3.14159,-3.58065e-10
83.6,3.14159,-3.61889e-10
83.7,3.14159,-3.65024e-10
83.8,3.14159,-3.67498e-10
83.9,3.14159,-3.69342e-10
84,3.14159,-3.70586e-10
84.1,3.14159,-3.71258e-10
84.2,3.14159,-3.71387e-10
84.3,3.14159,-3.70999e-10
84.4,3.14159,-3.70121e-10
84.5,3.14159,-3.68779e-10
84.6,3.14159,-3.67e-10
84.7,3.14159,-3.64806e-10
84.8,3.14159,-3.62223e-10
84.9,3.14159,-3.59273e-10
85,3.14159,-3.5598e-10
85.1,3.14159,-3.52364e-10
85.2,3.14159,-3.48448e-10
85.3,3.14159,-3.44252e-10
85.4,3.14159,-3.39796e-10
85.5,3.14159,-3.35099e-10
85.6,3.14159,-3.3018e-10
85.7,3.14159,-3.25057e-10
85.8,3.14159,-3.19747e-10
85.9,3.14159,-3.14267e-10
86,3.14159,-3.08633e-10
86.1,3.14159,-3.0286e-10
86.2,3.14159,-2.96965e-10
86.3,3.14159,-2.9096e-10
86.4,3.14159,-2.8486e-10
86.5,3.14159,-2.78678e-10
86.6,3.14159,-2.72427e-10
86.7,3.14159,-2.66118e-10
86.8,3.14159,-2.59763e-10
86.9,3.14159,-2.53374e-10
87,3.14159,-2.4696e-10
87.1,3.14159,-2.40532e-10
87.2,3.14159,-2.341e-10
87.3,3.14159,-2.27672e-10
87.4,3.14159,-2.21257e-10
87.5,3.14159,-2.14863e-10
87.6,3.14159,-2.08499e-10
87.7,3.14159,-2.0217e-10
87.8,3.14159,-1.95884e-10
87.9,3.14159,-1.89648e-10
88,3.14159,-1.83467e-10
88.1,3.14159,-1.77348e-10
88.2,3.14159,-1.71295e-10
88.3,3.14159,-1.65313e-10
88.4,3.14159,-1.59408e-10
88.5,3.14159,-1.53583e-10
88.6,3.14159,-1.47842e-10
88.7,3.14159,-1.42189e-10
88.8,3.14159,-1.36627e-10
88.9,3.14159,-1.31159e-10
89,3.14159,-1.25788e-10
89.1,3.14159,-1.20517e-10
89.2,3.14159,-1.15347e-10
89.3,3.14159,-1.1028e-10
89.4,3.14159,-1.05319e-10
89.5,3.14159,-1.00465e-10
89.6,3.14159,-9.5718e-11
89.7,3.14159,-9.10806e-11
89.8,3.14159,-8.6553e-11
89.9,3.14159,-8.21359e-11
90,3.14159,-7.78298e-11
90.1,3.14159,-7.3635e-11
90.2,3.14159,-6.95516e-11
90.3,3.14159,-6.55795e-11
90.4,3.14159,-6.17186e-11
90.5,3.14159,-5.79686e-11
90.6,3.14159,-5.43289e-11
90.7,3.14159,-5.0799e-11
90.8,3.14159,-4.73782e-11
90.9,3.14159,-4.40656e-11
91,3.14159,-4.08604e-11
91.1,3.14159,-3.77613e-11
91.2,3.14159,-3.47675e-11
91.3,3.14159,-3.18775e-11
91.4,3.14159,-2.90902e-11
91.5,3.14159,-2.64041e-11
91.6,3.14159,-2.38179e-11
91.7,3.14159,-2.133e-11
91.8,3.14159,-1.89388e-11
91.9,3.14159,-1.66427e-11
92,3.14159,-1.44401e-11
92.1,3.14159,-1.23292e-11
92.2,3.14159,-1.03084e-11
92.3,3.14159,-8.37576e-12
92.4,3.14159,-6.52952e-12
92.5,3.14159,-4.76785e-12
92.6,3.14159,-3.08886e-12
92.7,3.14159,-1.49069e-12
92.8,3.14159,2.85709e-14
92.9,3.14159,1.47083e-12
93,3.14159,2.83801e-12
93.1,3.14159,4.13204e-12
93.2,3.14159,5.35484e-12
93.3,3.14159,6.50836e-12
93.4,3.14159,7.5945e-12
93.5,3.14159,8.6152e-12
93.6,3.14159,9.57237e-12
93.7,3.14159,1.04679e-11
93.8,3.14159,1.13037e-11
93.9,3.14159,1.20817e-11
94,3.14159,1.28036e-11
94.1,3.14159,1.34714e-11
94.2,3.14159,1.40869e-11
94.3,3.14159,1.46519e-11
94.4,3.14159,1.51681e-11
94.5,3.14159,1.56373e-11
94.6,3.14159,1.60613e-11
94.7,3.14159,1.64418e-11
94.8,3.14159,1.67805e-11
94.9,3.14159,1.70789e-11
95,3.14159,1.73388e-11
95.1,3.14159,1.75617e-11
95.2,3.14159,1.77492e-11
95.3,3.14159,1.79029e-11
95.4,3.14159,1.80241e-11
95.5,3.14159,1.81145e-11
95.6,3.14159,1.81755e-11
95.7,3.14159,1.82084e-11
95.8,3.14159,1.82146e-11
95.9,3.14159,1.81955e-11
96,3.14159,1.81524e-11
96.1,3.14159,1.80866e-11
96.2,3.14159,1.79992e-11
96.3,3.14159,1.78916e-11
96.4,3.14159,1.77649e-11
96.5,3.14159,1.76202e-11
96.6,3.14159,1.74586e-11
96.7,3.14159,1.72813e-11
96.8,3.14159,1.70892e-11
96.9,3.14159,1.68833e-11
97,3.14159,1.66648e-11
97.1,3.14159,1.64344e-11
97.2,3.14159,1.61931e-11
97.3,3.14159,1.59418e-11
97.4,3.14159,1.56814e-11
97.5,3.14159,1.54126e-11
97.6,3.14159,1.51362e-11
97.7,3.14159,1.48531e-11
97.8,3.14159,1.4564e-11
97.9,3.14159,1.42695e-11
98,3.14159,1.39703e-11
98.1,3.14159,1.36671e-11
98.2,3.14159,1.33604e-11
98.3,3.14159,1.3051e-11
98.4,3.14159,1.27393e-11
98.5,3.14159,1.2426e-11
98.6,3.14159,1.21114e-11
98.7,3.14159,1.17962e-11
98.8,3.14159,1.14807e-11
98.9,3.14159,1.11654e-11
99,3.14159,1.08508e-11
99.1,3.14159,1.05372e-11
99.2,3.14159,1.0225e-11
99.3,3.14159,9.91464e-12
99.4,3.14159,9.60636e-12
99.5,3.14159,9.3005e-12
99.6,3.14159,8.99737e-12
99.7,3.14159,8.69724e-12
99.8,3.14159,8.40038e-12
99.9,3.14159,8.10701e-12
100,3.14159,7.81739e-12
