Metoda,Parametr_a,Iteracja,x0_start,x1_start,x0_end,x1_end,y_end,f_calls,r
Zewnetrzna,4,1,-1.5727,-0.632758,3.10866,2.51716,-0.189199,1185,3.99998
Zewnetrzna,4,2,-3.00252,-2.93285,2.80192,2.85414,-0.189155,840,3.99961
Zewnetrzna,4,3,-3.91009,3.27201,2.16747,3.36176,-0.189192,1345,3.99992
Zewnetrzna,4,4,-2.75448,1.1452,2.84259,2.81421,-0.189202,945,4.00001
Zewnetrzna,4,5,0.741057,-1.9091,2.94222,2.70987,-0.189201,1255,4
Zewnetrzna,4,6,-3.79657,0.90738,2.94435,2.70755,-0.189201,1190,4
Zewnetrzna,4,7,-3.58297,1.75956,3.54808,1.84694,-0.189201,1185,4
Zewnetrzna,4,8,3.95452,-3.77193,2.86812,2.78807,-0.189192,915,3.99993
Zewnetrzna,4,9,-1.97461,1.58575,2.82784,2.82847,-0.189156,800,3.99962
Zewnetrzna,4,10,1.25799,-2.3108,3.01079,2.63347,-0.1892,1390,4
Zewnetrzna,4,11,-1.87673,-3.43653,2.46466,3.15047,-0.189201,1170,4
Zewnetrzna,4,12,0.276551,1.40912,2.22293,3.32536,-0.189192,1265,3.99993
Zewnetrzna,4,13,1.54092,-0.0678183,2.68499,2.96493,-0.189201,1285,4
Zewnetrzna,4,14,1.79442,-0.861961,2.87047,2.78576,-0.189202,920,4.00001
Zewnetrzna,4,15,3.70735,1.20894,3.43581,2.0484,-0.189211,960,4.00009
Zewnetrzna,4,16,-2.9686,-1.86535,3.30605,2.25164,-0.189198,1190,3.99998
Zewnetrzna,4,17,-3.42381,-1.97112,3.45552,2.01479,-0.1892,1295,4
Zewnetrzna,4,18,-0.798203,-3.3339,2.01114,3.45763,-0.189199,1320,3.99998
Zewnetrzna,4,19,-2.69911,0.447316,3.04075,2.59881,-0.1892,1290,4
Zewnetrzna,4,20,1.8113,2.04195,2.88623,2.76943,-0.189201,955,4.00001
Zewnetrzna,4,21,2.53821,2.01473,2.84534,2.81143,-0.189202,915,4.00001
Zewnetrzna,4,22,-1.05067,2.95524,1.8993,3.52031,-0.189199,1485,3.99999
Zewnetrzna,4,23,-0.225711,-1.09615,2.53539,3.09384,-0.189201,1230,4
Zewnetrzna,4,24,3.18332,1.79968,2.8158,2.84102,-0.189202,930,4.00001
Zewnetrzna,4,25,-3.5104,0.441304,2.96929,2.68017,-0.1892,1245,4
Zewnetrzna,4,26,3.48888,-1.38713,3.42701,2.0628,-0.189193,1140,3.99994
Zewnetrzna,4,27,1.00478,-0.234572,2.88709,2.76866,-0.189211,980,4.00009
Zewnetrzna,4,28,-3.97801,-1.4543,3.5202,1.89949,-0.189199,1340,3.99999
Zewnetrzna,4,29,3.69761,1.81641,2.81875,2.83809,-0.189202,935,4.00001
Zewnetrzna,4,30,1.68374,3.40496,2.76311,2.89228,-0.189202,900,4.00001
Zewnetrzna,4,31,-0.974648,2.71514,2.14581,3.37562,-0.18919,1165,3.99991
Zewnetrzna,4,32,-2.46039,-0.398461,3.33274,2.21188,-0.189194,1250,3.99995
Zewnetrzna,4,33,-3.25598,0.741411,2.74473,2.90973,-0.189202,910,4.00001
Zewnetrzna,4,34,0.267636,-1.95509,2.07047,3.42238,-0.189194,1200,3.99994
Zewnetrzna,4,35,-2.81127,-1.92107,3.18139,2.4246,-0.1892,1110,3.99999
Zewnetrzna,4,36,-3.91315,3.72694,1.89015,3.52523,-0.189199,1355,3.99999
Zewnetrzna,4,37,-3.90634,-0.96382,1.49295,3.71096,-0.189203,1105,4.00002
Zewnetrzna,4,38,2.68219,-0.132049,3.34783,2.18897,-0.189194,1195,3.99994
Zewnetrzna,4,39,1.94003,1.8655,2.83582,2.82047,-0.189156,805,3.99962
Zewnetrzna,4,40,-2.33237,2.42963,2.52111,3.10547,-0.189199,1425,3.99999
Zewnetrzna,4,41,-1.6932,-2.8435,2.86772,2.78859,-0.189201,885,4.00001
Zewnetrzna,4,42,-2.9575,3.31158,2.76268,2.89281,-0.189211,945,4.00009
Zewnetrzna,4,43,0.921933,-2.93551,2.89566,2.75957,-0.189202,925,4.00001
Zewnetrzna,4,44,-2.14272,0.619542,3.39707,2.11172,-0.189192,1205,3.99993
Zewnetrzna,4,45,2.8809,3.54102,2.80851,2.84822,-0.189202,915,4.00001
Zewnetrzna,4,46,0.0245061,-2.09375,2.03061,3.44625,-0.189201,1245,4
Zewnetrzna,4,47,2.25616,1.56412,2.8657,2.79067,-0.189202,935,4.00001
Zewnetrzna,4,48,1.50779,3.00018,2.20255,3.33888,-0.189192,1170,3.99992
Zewnetrzna,4,49,-1.69447,-2.22457,2.26581,3.29635,-0.189198,1360,3.99998
Zewnetrzna,4,50,-2.95492,-0.505741,3.11616,2.50787,-0.189199,1400,3.99999
Zewnetrzna,4,51,-0.145638,-2.86806,2.721,2.93203,-0.18921,950,4.00008
Zewnetrzna,4,52,-0.778799,-0.0519758,3.38704,2.12796,-0.189204,1005,4.00003
Zewnetrzna,4,53,0.168116,-2.09661,1.83558,3.55396,-0.189201,1255,4
Zewnetrzna,4,54,3.81598,-1.89185,2.81583,2.84043,-0.189156,795,3.99961
Zewnetrzna,4,55,3.76889,-2.5164,3.52338,1.89359,-0.189199,1300,3.99998
Zewnetrzna,4,56,-3.46222,-1.92431,3.33198,2.21299,-0.189193,1295,3.99993
Zewnetrzna,4,57,-1.35989,-2.41972,2.01162,3.45735,-0.189199,1315,3.99998
Zewnetrzna,4,58,-2.61273,3.56204,2.82548,2.83084,-0.189156,835,3.99962
Zewnetrzna,4,59,-1.35522,-0.755442,3.40773,2.09446,-0.189191,1150,3.99992
Zewnetrzna,4,60,0.181582,-2.47432,1.89415,3.52309,-0.189199,1325,3.99999
Zewnetrzna,4,61,-1.21442,-3.79391,2.02017,3.45236,-0.189199,1335,3.99999
Zewnetrzna,4,62,-0.568067,-2.95826,2.25394,3.30448,-0.189198,1360,3.99998
Zewnetrzna,4,63,1.77021,-3.06027,2.9683,2.68127,-0.1892,1255,4
Zewnetrzna,4,64,-3.95808,-3.92426,2.8036,2.85249,-0.189155,835,3.99961
Zewnetrzna,4,65,-1.28484,-2.913,2.04418,3.43814,-0.189193,1280,3.99993
Zewnetrzna,4,66,-0.430002,2.56952,2.87598,2.78008,-0.189202,985,4.00001
Zewnetrzna,4,67,-1.78106,2.7912,2.74186,2.91255,-0.189211,900,4.00009
Zewnetrzna,4,68,-1.48246,2.38705,2.84948,2.80723,-0.189202,975,4.00001
Zewnetrzna,4,69,-3.30541,-1.66648,3.43354,2.05221,-0.189211,995,4.00009
Zewnetrzna,4,70,-3.5048,-3.53653,2.84836,2.8078,-0.189155,840,3.99961
Zewnetrzna,4,71,-0.18288,-2.96702,2.81283,2.84339,-0.189156,830,3.99961
Zewnetrzna,4,72,-1.46083,2.45723,2.18454,3.3507,-0.189192,1285,3.99993
Zewnetrzna,4,73,-1.38674,-0.0735593,3.6996,1.52082,-0.1892,1135,4
Zewnetrzna,4,74,2.01927,1.25804,3.35,2.18555,-0.189187,1035,3.99989
Zewnetrzna,4,75,3.171,-1.79915,3.54961,1.84398,-0.189201,1250,4
Zewnetrzna,4,76,2.78372,-2.04342,3.11241,2.51252,-0.189199,1205,3.99998
Zewnetrzna,4,77,-1.59306,-1.78435,2.81723,2.83971,-0.189212,905,4.00009
Zewnetrzna,4,78,-1.00168,-3.82286,2.80134,2.85528,-0.189202,1025,4.00001
Zewnetrzna,4,79,-0.844624,-0.959761,2.87471,2.78139,-0.189202,910,4.00001
Zewnetrzna,4,80,-3.74712,1.87053,3.4518,2.02115,-0.1892,1370,3.99999
Zewnetrzna,4,81,0.127238,-0.177118,2.67686,2.97227,-0.1892,1260,4
Zewnetrzna,4,82,0.44005,2.34617,2.358,3.23107,-0.1892,1410,3.99999
Zewnetrzna,4,83,-1.38592,2.95759,2.76541,2.89008,-0.189202,940,4.00001
Zewnetrzna,4,84,0.733225,-0.691333,2.6793,2.97007,-0.189201,1400,4
Zewnetrzna,4,85,-2.70889,1.22842,2.89362,2.7617,-0.189202,940,4.00001
Zewnetrzna,4,86,-0.22786,1.10823,2.79896,2.8576,-0.189202,910,4.00001
Zewnetrzna,4,87,2.2614,2.31131,2.81858,2.83826,-0.189202,915,4.00001
Zewnetrzna,4,88,-0.434544,-3.12534,2.01987,3.45255,-0.1892,1375,3.99999
Zewnetrzna,4,89,-1.76225,-2.41528,2.80309,2.85299,-0.189155,845,3.99961
Zewnetrzna,4,90,2.1327,-2.59125,2.83149,2.82537,-0.189202,910,4.00001
Zewnetrzna,4,91,-0.214431,0.916417,2.60553,3.03498,-0.189199,1185,3.99998
Zewnetrzna,4,92,-0.634674,2.1925,2.75908,2.89613,-0.189201,870,4.00001
Zewnetrzna,4,93,3.13207,2.36365,2.90647,2.74831,-0.189211,865,4.00009
Zewnetrzna,4,94,2.36965,-1.71256,3.18102,2.42509,-0.1892,1160,3.99999
Zewnetrzna,4,95,-2.59611,2.62253,2.79183,2.86455,-0.1892,875,3.99999
Zewnetrzna,4,96,-3.84202,1.53112,3.51515,1.90881,-0.189199,1510,3.99998
Zewnetrzna,4,97,-1.55459,0.598025,3.4284,2.06063,-0.189202,905,4.00001
Zewnetrzna,4,98,-0.122702,1.05949,2.7985,2.85806,-0.189202,925,4.00001
Zewnetrzna,4,99,-0.444383,-3.38948,2.53339,3.09545,-0.189198,1235,3.99998
Zewnetrzna,4,100,-3.63184,0.846727,2.84419,2.81259,-0.189202,885,4.00001
Wewnetrzna,4,1,1.73362,2.53761,2.65873,2.98836,-0.189188,2830,3.99989
Wewnetrzna,4,2,1.91974,3.06977,2.69734,2.95354,-0.189187,2750,3.99988
Wewnetrzna,4,3,2.86539,2.75834,2.66343,2.98417,-0.189188,2840,3.99989
Wewnetrzna,4,4,3.28626,2.08429,2.66344,2.98416,-0.189188,2815,3.99989
Wewnetrzna,4,5,1.01004,1.54942,2.69649,2.95432,-0.189187,2945,3.99989
Wewnetrzna,4,6,1.40693,3.68278,2.69276,2.95772,-0.189187,2415,3.99988
Wewnetrzna,4,7,1.542,1.4623,2.6958,2.95495,-0.189187,2370,3.99988
Wewnetrzna,4,8,3.27775,1.6012,2.68414,2.96554,-0.189187,2755,3.99988
Wewnetrzna,4,9,3.53509,1.19617,2.54433,3.08615,-0.189171,2185,3.99974
Wewnetrzna,4,10,3.32431,1.99011,2.67178,2.97669,-0.189187,2665,3.99988
Wewnetrzna,4,11,3.09221,1.65878,2.64636,2.99931,-0.189187,2545,3.99989
Wewnetrzna,4,12,2.2189,3.23018,2.68573,2.9641,-0.189187,2840,3.99988
Wewnetrzna,4,13,3.47509,1.40905,2.6849,2.96485,-0.189187,2470,3.99988
Wewnetrzna,4,14,1.78376,1.20971,2.71243,2.93978,-0.189195,3205,3.99995
Wewnetrzna,4,15,2.94565,2.7025,2.60651,3.03397,-0.189184,2330,3.99986
Wewnetrzna,4,16,3.27849,1.81204,2.69331,2.95722,-0.189187,2890,3.99988
Wewnetrzna,4,17,1.46183,2.94314,2.65097,2.99524,-0.189187,2320,3.99988
Wewnetrzna,4,18,1.02843,2.98569,2.69861,2.95238,-0.189187,2960,3.99988
Wewnetrzna,4,19,1.29752,1.43436,2.58949,3.04852,-0.189185,2385,3.99987
Wewnetrzna,4,20,2.66948,1.23271,2.68984,2.96037,-0.189187,2765,3.99988
Wewnetrzna,4,21,1.22932,3.21048,2.61869,3.02348,-0.189186,2520,3.99987
Wewnetrzna,4,22,1.69401,3.50607,2.65224,2.9941,-0.189187,2665,3.99988
Wewnetrzna,4,23,2.21921,2.79445,2.69794,2.953,-0.189187,2605,3.99988
Wewnetrzna,4,24,2.02563,3.26988,2.67274,2.97582,-0.189187,2840,3.99988
Wewnetrzna,4,25,1.51189,2.75808,2.66094,2.98639,-0.189188,2685,3.99989
Wewnetrzna,4,26,1.70221,2.5805,2.74148,2.91271,-0.189195,3020,3.99995
Wewnetrzna,4,27,1.72082,1.72964,2.6548,2.99185,-0.189188,2545,3.99989
Wewnetrzna,4,28,1.5672,2.01734,2.6881,2.96195,-0.189186,2705,3.99988
Wewnetrzna,4,29,2.163,3.23568,2.71906,2.93358,-0.189189,2475,3.9999
Wewnetrzna,4,30,2.24905,2.39132,2.65315,2.9933,-0.189187,2780,3.99988
Wewnetrzna,4,31,2.44716,2.94206,2.65457,2.99203,-0.189185,2685,3.99987
Wewnetrzna,4,32,1.89838,2.25885,2.54484,3.08591,-0.189187,2195,3.99988
Wewnetrzna,4,33,3.17116,1.60062,2.66404,2.98362,-0.189188,2700,3.99989
Wewnetrzna,4,34,1.39585,1.39138,2.65674,2.99012,-0.189188,2785,3.99989
Wewnetrzna,4,35,3.39407,1.19064,2.69957,2.9515,-0.189187,2395,3.99988
Wewnetrzna,4,36,1.69818,2.07031,2.66035,2.98691,-0.189188,2560,3.99989
Wewnetrzna,4,37,1.71271,2.3994,2.67183,2.97664,-0.189187,2690,3.99988
Wewnetrzna,4,38,3.12804,1.21802,2.65038,2.99576,-0.189187,2575,3.99989
Wewnetrzna,4,39,3.44886,1.29204,2.65389,2.99263,-0.189185,2820,3.99987
Wewnetrzna,4,40,3.45269,1.69891,2.69836,2.95262,-0.189187,2785,3.99988
Wewnetrzna,4,41,2.68236,1.90086,2.60371,3.03641,-0.189188,2440,3.99989
Wewnetrzna,4,42,1.18136,3.55356,2.6062,3.03426,-0.189187,2385,3.99988
Wewnetrzna,4,43,2.14381,1.17311,2.68631,2.96358,-0.189187,2730,3.99988
Wewnetrzna,4,44,1.24139,1.89324,2.71781,2.93481,-0.189195,2915,3.99995
Wewnetrzna,4,45,2.10844,3.36843,2.67484,2.97393,-0.189187,2820,3.99988
Wewnetrzna,4,46,2.11025,1.5583,2.7014,2.94983,-0.189187,3020,3.99988
Wewnetrzna,4,47,3.65947,1.56395,2.74674,2.90775,-0.189194,2670,3.99995
Wewnetrzna,4,48,2.25621,2.34283,2.58289,3.05412,-0.189185,2245,3.99987
Wewnetrzna,4,49,2.4638,1.89717,2.67172,2.97674,-0.189187,2240,3.99988
Wewnetrzna,4,50,1.92357,1.62351,2.67893,2.97026,-0.189187,2825,3.99988
Wewnetrzna,4,51,1.17806,2.9118,2.66235,2.98513,-0.189188,2640,3.99989
Wewnetrzna,4,52,1.9438,1.6745,2.63663,3.00784,-0.189185,2555,3.99986
Wewnetrzna,4,53,3.10976,2.06396,2.57129,3.06389,-0.189185,2255,3.99987
Wewnetrzna,4,54,2.71958,1.06745,2.68644,2.96345,-0.189186,2840,3.99988
Wewnetrzna,4,55,1.20358,2.38005,2.63321,3.01083,-0.189185,2485,3.99986
Wewnetrzna,4,56,1.6304,2.45879,2.67123,2.97718,-0.189187,2660,3.99988
Wewnetrzna,4,57,3.35496,1.64645,2.69827,2.95269,-0.189187,2465,3.99988
Wewnetrzna,4,58,1.97706,3.42775,2.60566,3.03473,-0.189187,2485,3.99988
Wewnetrzna,4,59,1.10325,2.93999,2.57915,3.05725,-0.189184,2320,3.99985
Wewnetrzna,4,60,2.86091,2.31951,2.70009,2.95103,-0.189187,2735,3.99988
Wewnetrzna,4,61,3.4538,1.39875,2.75637,2.89861,-0.189194,3315,3.99994
Wewnetrzna,4,62,1.67066,2.411,2.58374,3.05341,-0.189186,2315,3.99987
Wewnetrzna,4,63,1.04403,3.38924,2.65677,2.99009,-0.189188,2870,3.99989
Wewnetrzna,4,64,2.47745,1.24661,2.65637,2.99045,-0.189188,2695,3.99989
Wewnetrzna,4,65,1.77029,3.10685,2.68581,2.96403,-0.189187,3050,3.99988
Wewnetrzna,4,66,2.7044,1.49317,2.7652,2.8902,-0.189195,2725,3.99995
Wewnetrzna,4,67,2.20106,2.06036,2.67229,2.97623,-0.189187,2920,3.99988
Wewnetrzna,4,68,2.13862,1.91777,2.68277,2.96678,-0.189187,2820,3.99988
Wewnetrzna,4,69,1.81155,2.10167,2.66356,2.98405,-0.189188,2710,3.99989
Wewnetrzna,4,70,3.31575,1.62658,2.65406,2.99248,-0.189185,2650,3.99987
Wewnetrzna,4,71,1.02253,3.418,2.60373,3.03639,-0.189188,2390,3.99989
Wewnetrzna,4,72,1.09584,3.43546,2.70024,2.95089,-0.189187,2905,3.99988
Wewnetrzna,4,73,2.67763,1.7655,2.65956,2.98763,-0.189188,2450,3.99989
Wewnetrzna,4,74,1.84746,2.72066,2.68438,2.96532,-0.189187,2930,3.99988
Wewnetrzna,4,75,1.15574,3.32391,2.70025,2.95088,-0.189187,2880,3.99988
Wewnetrzna,4,76,2.96627,1.92503,2.65294,2.99349,-0.189187,2820,3.99988
Wewnetrzna,4,77,2.43176,1.67168,2.6576,2.98936,-0.189188,2795,3.9999
Wewnetrzna,4,78,1.55059,2.85565,2.55304,3.07914,-0.189187,2150,3.99989
Wewnetrzna,4,79,2.17857,2.55329,2.65149,2.99477,-0.189187,2410,3.99988
Wewnetrzna,4,80,2.56968,1.59754,2.6516,2.99468,-0.189187,2920,3.99988
Wewnetrzna,4,81,1.32961,2.55134,2.71217,2.94002,-0.189195,2920,3.99995
Wewnetrzna,4,82,2.87642,1.42445,2.72385,2.92919,-0.189193,3160,3.99994
Wewnetrzna,4,83,1.9878,1.55505,2.68732,2.96266,-0.189187,2885,3.99988
Wewnetrzna,4,84,2.18895,2.83425,2.74132,2.91286,-0.189195,2710,3.99995
Wewnetrzna,4,85,2.15916,2.24198,2.68556,2.96426,-0.189187,2685,3.99988
Wewnetrzna,4,86,2.91266,1.68593,2.62076,3.02169,-0.189185,2495,3.99987
Wewnetrzna,4,87,3.22274,1.64469,2.72065,2.93216,-0.189193,2890,3.99993
Wewnetrzna,4,88,1.24175,3.77234,2.65801,2.989,-0.189188,2770,3.9999
Wewnetrzna,4,89,2.44414,1.12219,2.70941,2.94256,-0.189194,3070,3.99994
Wewnetrzna,4,90,2.67448,2.00619,2.69961,2.95147,-0.189187,3080,3.99988
Wewnetrzna,4,91,1.22025,3.00309,2.69767,2.95324,-0.189187,2475,3.99988
Wewnetrzna,4,92,3.42653,1.54532,2.60111,3.0386,-0.189185,2495,3.99986
Wewnetrzna,4,93,3.64972,1.61648,2.62017,3.02219,-0.189186,2475,3.99987
Wewnetrzna,4,94,2.95917,1.53874,2.56319,3.07067,-0.189186,2440,3.99987
Wewnetrzna,4,95,1.16841,2.2279,2.65845,2.98861,-0.189188,2665,3.99989
Wewnetrzna,4,96,1.12966,3.08007,2.5498,3.08181,-0.189187,2225,3.99988
Wewnetrzna,4,97,2.83815,1.26022,2.69826,2.9527,-0.189187,2475,3.99988
Wewnetrzna,4,98,2.68177,1.28329,2.67864,2.97052,-0.189187,2940,3.99988
Wewnetrzna,4,99,1.38141,2.11828,2.64423,3.00116,-0.189185,2665,3.99986
Wewnetrzna,4,100,3.12347,1.12525,2.57001,3.06481,-0.189172,2270,3.99976
Zewnetrzna,4.4934,1,-1.32202,0.542539,4.23198,1.51029,-0.217234,565,4.4934
Zewnetrzna,4.4934,2,2.15804,-3.03805,3.47279,2.85138,-0.217234,395,4.4934
Zewnetrzna,4.4934,3,2.17419,1.11104,4.2314,1.51193,-0.217234,535,4.4934
Zewnetrzna,4.4934,4,-1.19308,0.314402,4.37417,1.02823,-0.217234,315,4.4934
Zewnetrzna,4.4934,5,-2.10709,-4.31007,1.78262,4.12467,-0.217234,595,4.4934
Zewnetrzna,4.4934,6,1.92632,-1.60525,3.34381,3.0016,-0.217234,615,4.4934
Zewnetrzna,4.4934,7,-0.632311,2.312,2.87649,3.45202,-0.217234,610,4.4934
Zewnetrzna,4.4934,8,-4.35982,-3.88821,3.17739,3.17723,-0.217234,520,4.4934
Zewnetrzna,4.4934,9,0.370769,3.80194,1.21629,4.32565,-0.217234,455,4.4934
Zewnetrzna,4.4934,10,2.56435,-2.24991,3.15157,3.20285,-0.217234,475,4.4934
Zewnetrzna,4.4934,11,1.47912,-0.915415,2.90055,3.43183,-0.217234,630,4.4934
Zewnetrzna,4.4934,12,-1.47288,-2.46942,1.75292,4.13738,-0.217234,500,4.4934
Zewnetrzna,4.4934,13,-0.0692253,-0.332568,3.45469,2.87329,-0.217234,495,4.4934
Zewnetrzna,4.4934,14,0.879731,-0.353999,2.18256,3.92773,-0.217234,640,4.4934
Zewnetrzna,4.4934,15,-3.16264,-1.74477,4.22089,1.54101,-0.217234,530,4.4934
Zewnetrzna,4.4934,16,0.0184575,0.00873392,3.7859,2.42025,-0.217234,510,4.4934
Zewnetrzna,4.4934,17,3.29117,-2.3169,3.88845,2.2518,-0.217234,485,4.4934
Zewnetrzna,4.4934,18,1.46408,0.971964,4.12688,1.7775,-0.217234,560,4.4934
Zewnetrzna,4.4934,19,3.28754,-4.2224,4.24281,1.4796,-0.217234,555,4.4934
Zewnetrzna,4.4934,20,-3.20703,-3.31294,3.18422,3.17039,-0.217234,465,4.4934
Zewnetrzna,4.4934,21,-4.03907,3.21269,1.50465,4.23399,-0.217234,610,4.4934
Zewnetrzna,4.4934,22,-0.424789,-0.177976,3.48946,2.83095,-0.217234,525,4.4934
Zewnetrzna,4.4934,23,1.03128,-0.291206,2.03272,4.00733,-0.217234,545,4.4934
Zewnetrzna,4.4934,24,0.427209,-3.09135,2.12109,3.96127,-0.217234,525,4.4934
Zewnetrzna,4.4934,25,-0.982665,-1.50184,1.48707,4.2402,-0.217234,545,4.4934
Zewnetrzna,4.4934,26,-0.847853,-3.99695,1.36646,4.28059,-0.217234,495,4.4934
Zewnetrzna,4.4934,27,2.07615,2.17267,2.72535,3.57255,-0.217234,490,4.4934
Zewnetrzna,4.4934,28,-1.97297,-2.48648,1.99562,4.02594,-0.217234,655,4.4934
Zewnetrzna,4.4934,29,-2.6533,3.40016,3.80625,2.38811,-0.217234,540,4.4934
Zewnetrzna,4.4934,30,1.65292,-1.32254,3.00406,3.3416,-0.217234,625,4.4934
Zewnetrzna,4.4934,31,-2.83801,-2.82202,3.16609,3.1885,-0.217234,470,4.4934
Zewnetrzna,4.4934,32,3.17959,-4.04023,4.24596,1.47053,-0.217234,710,4.4934
Zewnetrzna,4.4934,33,-0.645521,0.150274,4.25622,1.44058,-0.217234,370,4.4934
Zewnetrzna,4.4934,34,1.42513,-1.85138,2.2805,3.87169,-0.217234,380,4.4934
Zewnetrzna,4.4934,35,0.421274,2.7115,1.91042,4.06705,-0.217234,505,4.4934
Zewnetrzna,4.4934,36,-0.670919,0.875608,3.89311,2.24373,-0.217234,455,4.4934
Zewnetrzna,4.4934,37,1.43079,3.39769,1.88951,4.07681,-0.217234,420,4.4934
Zewnetrzna,4.4934,38,-3.79577,-2.03133,4.08811,1.86493,-0.217234,485,4.4934
Zewnetrzna,4.4934,39,-1.38691,1.12484,4.02078,2.00598,-0.217234,675,4.4934
Zewnetrzna,4.4934,40,-0.629277,2.12382,3.35121,2.99333,-0.217234,630,4.4934
Zewnetrzna,4.4934,41,4.1164,3.01627,2.55504,3.69627,-0.217234,335,4.4934
Zewnetrzna,4.4934,42,2.62027,1.69915,3.98935,2.06778,-0.217234,485,4.4934
Zewnetrzna,4.4934,43,0.695537,-3.8461,1.9321,4.0568,-0.217234,490,4.4934
Zewnetrzna,4.4934,44,3.70607,2.53564,3.68525,2.5709,-0.217234,435,4.4934
Zewnetrzna,4.4934,45,4.04746,0.86559,4.15466,1.71155,-0.217234,365,4.4934
Zewnetrzna,4.4934,46,-3.28031,-3.28394,3.17031,3.1843,-0.217234,465,4.4934
Zewnetrzna,4.4934,47,2.53697,4.39268,2.90247,3.43021,-0.217234,445,4.4934
Zewnetrzna,4.4934,48,-2.83077,-2.60195,3.21277,3.14146,-0.217234,495,4.4934
Zewnetrzna,4.4934,49,0.0495553,3.08776,1.50804,4.23278,-0.217234,495,4.4934
Zewnetrzna,4.4934,50,0.0400727,-4.02257,1.74125,4.1423,-0.217234,800,4.4934
Zewnetrzna,4.4934,51,1.30586,3.86255,1.49635,4.23693,-0.217234,475,4.4934
Zewnetrzna,4.4934,52,1.34644,-1.75676,2.14821,3.94663,-0.217234,305,4.4934
Zewnetrzna,4.4934,53,2.76685,2.04407,3.52558,2.78584,-0.217234,305,4.4934
Zewnetrzna,4.4934,54,0.705312,-3.11347,2.7237,3.57381,-0.217234,510,4.4934
Zewnetrzna,4.4934,55,-1.32449,-4.41736,2.22035,3.90649,-0.217234,630,4.4934
Zewnetrzna,4.4934,56,3.50375,-1.70149,4.15107,1.72026,-0.217234,335,4.4934
Zewnetrzna,4.4934,57,3.09231,1.63063,3.95645,2.13007,-0.217234,340,4.4934
Zewnetrzna,4.4934,58,4.49106,-0.705558,3.77468,2.43771,-0.217234,490,4.4934
Zewnetrzna,4.4934,59,2.27793,3.70373,2.72684,3.57141,-0.217234,485,4.4934
Zewnetrzna,4.4934,60,-2.66332,1.83199,3.49975,2.81822,-0.217234,665,4.4934
Zewnetrzna,4.4934,61,0.0759177,-1.45023,1.83614,4.10113,-0.217234,490,4.4934
Zewnetrzna,4.4934,62,3.04145,-1.88051,4.27049,1.39771,-0.217234,455,4.4934
Zewnetrzna,4.4934,63,-1.55095,-4.28273,1.98267,4.03233,-0.217234,590,4.4934
Zewnetrzna,4.4934,64,0.010936,2.99201,1.45052,4.25284,-0.217234,330,4.4934
Zewnetrzna,4.4934,65,3.29843,-4.44239,4.064,1.9169,-0.217234,560,4.4934
Zewnetrzna,4.4934,66,3.46283,0.110888,4.3245,1.2204,-0.217234,425,4.4934
Zewnetrzna,4.4934,67,3.91356,0.315871,3.85607,2.30681,-0.217234,360,4.4934
Zewnetrzna,4.4934,68,2.84753,2.18701,3.74332,2.4856,-0.217234,325,4.4934
Zewnetrzna,4.4934,69,-2.13346,-0.940558,4.07648,1.89023,-0.217234,445,4.4934
Zewnetrzna,4.4934,70,3.56694,1.03545,4.3187,1.24074,-0.217234,480,4.4934
Zewnetrzna,4.4934,71,-0.864522,2.57729,2.70987,3.58431,-0.217234,615,4.4934
Zewnetrzna,4.4934,72,3.82736,-2.26562,2.76754,3.53997,-0.217234,300,4.4934
Zewnetrzna,4.4934,73,-0.285481,3.82502,1.87143,4.08514,-0.217234,650,4.4934
Zewnetrzna,4.4934,74,1.52223,-2.50095,2.57822,3.68014,-0.217234,510,4.4934
Zewnetrzna,4.4934,75,3.03535,3.3523,3.35797,2.98574,-0.217234,550,4.4934
Zewnetrzna,4.4934,76,3.82444,-1.38214,3.99755,2.05188,-0.217234,485,4.4934
Zewnetrzna,4.4934,77,-2.59133,2.37249,3.033,3.31535,-0.217234,475,4.4934
Zewnetrzna,4.4934,78,1.23075,0.351122,4.06419,1.91651,-0.217234,545,4.4934
Zewnetrzna,4.4934,79,2.58316,-3.25171,3.77399,2.43877,-0.217234,530,4.4934
Zewnetrzna,4.4934,80,-1.15027,1.38819,3.75898,2.46185,-0.217234,295,4.4934
Zewnetrzna,4.4934,81,-3.2007,-2.18084,3.66174,2.60428,-0.217234,635,4.4934
Zewnetrzna,4.4934,82,-2.99432,-3.78054,1.35129,4.2854,-0.217234,595,4.4934
Zewnetrzna,4.4934,83,2.62843,4.34661,3.23751,3.11595,-0.217234,325,4.4934
Zewnetrzna,4.4934,84,2.89987,-3.99843,1.01114,4.37816,-0.217234,510,4.4934
Zewnetrzna,4.4934,85,-1.08735,1.97341,3.36702,2.97554,-0.217234,655,4.4934
Zewnetrzna,4.4934,86,1.53042,2.54153,2.00673,4.02041,-0.217234,645,4.4934
Zewnetrzna,4.4934,87,0.0572994,0.864381,4.05904,1.92737,-0.217234,305,4.49339
Zewnetrzna,4.4934,88,-4.21749,4.26522,4.03556,1.97609,-0.217234,810,4.4934
Zewnetrzna,4.4934,89,0.196,1.79814,1.96872,4.03916,-0.217234,450,4.4934
Zewnetrzna,4.4934,90,-2.72914,-1.26205,4.12748,1.7761,-0.217234,495,4.4934
Zewnetrzna,4.4934,91,0.657043,-3.3981,2.41891,3.78675,-0.217234,510,4.4934
Zewnetrzna,4.4934,92,1.84921,2.55912,2.3665,3.81973,-0.217234,310,4.4934
Zewnetrzna,4.4934,93,3.46779,-1.41344,4.06343,1.91812,-0.217234,365,4.4934
Zewnetrzna,4.4934,94,-1.58316,1.55755,3.7196,2.52096,-0.217234,385,4.4934
Zewnetrzna,4.4934,95,-0.171751,1.75996,3.20133,3.15311,-0.217234,515,4.4934
Zewnetrzna,4.4934,96,-1.54766,1.12094,4.07827,1.88635,-0.217234,305,4.4934
Zewnetrzna,4.4934,97,4.07253,-0.0485811,4.33137,1.19579,-0.217234,375,4.4934
Zewnetrzna,4.4934,98,1.8338,2.20756,2.25042,3.88925,-0.217234,590,4.4934
Zewnetrzna,4.4934,99,-0.195372,0.240269,3.77601,2.43565,-0.217234,545,4.4934
Zewnetrzna,4.4934,100,2.70253,3.21068,3.08827,3.26393,-0.217234,265,4.4934
Wewnetrzna,4.4934,1,1.86102,2.64552,3.07392,3.27727,-0.217234,3415,4.49327
Wewnetrzna,4.4934,2,1.23563,3.34295,2.98044,3.36249,-0.217234,3210,4.49326
Wewnetrzna,4.4934,3,1.15988,3.28559,3.04346,3.30559,-0.217234,3790,4.49328
Wewnetrzna,4.4934,4,3.11224,2.66974,3.03829,3.31033,-0.217234,3605,4.49328
Wewnetrzna,4.4934,5,1.35953,3.45049,3.03852,3.31012,-0.217234,3580,4.49327
Wewnetrzna,4.4934,6,2.16531,1.86668,3.02018,3.32687,-0.217234,3455,4.49328
Wewnetrzna,4.4934,7,3.51119,2.4069,3.02115,3.32599,-0.217234,3185,4.49328
Wewnetrzna,4.4934,8,2.16191,3.74582,2.98075,3.36222,-0.217234,3315,4.49326
Wewnetrzna,4.4934,9,1.25745,1.20984,2.99628,3.3484,-0.217234,3320,4.49327
Wewnetrzna,4.4934,10,2.3109,2.55228,2.98137,3.36166,-0.217234,3305,4.49326
Wewnetrzna,4.4934,11,2.35667,1.10208,3.0268,3.32085,-0.217234,3690,4.49328
Wewnetrzna,4.4934,12,1.59314,2.97375,3.0487,3.30075,-0.217234,3250,4.49327
Wewnetrzna,4.4934,13,2.73802,2.94158,2.98192,3.36118,-0.217234,3200,4.49326
Wewnetrzna,4.4934,14,2.26685,1.23427,2.9709,3.37093,-0.217234,3150,4.49326
Wewnetrzna,4.4934,15,2.09995,3.06976,3.03423,3.31404,-0.217234,3230,4.49326
Wewnetrzna,4.4934,16,1.96409,1.11874,3.05245,3.29728,-0.217234,3615,4.49327
Wewnetrzna,4.4934,17,3.86357,1.24071,3.03792,3.31066,-0.217234,3775,4.49327
Wewnetrzna,4.4934,18,3.33385,1.68207,3.03735,3.31117,-0.217234,3710,4.49326
Wewnetrzna,4.4934,19,2.79199,3.27605,3.04892,3.30054,-0.217234,3355,4.49327
Wewnetrzna,4.4934,20,3.37713,2.73598,3.07172,3.27934,-0.217234,3305,4.49327
Wewnetrzna,4.4934,21,1.06485,3.23863,3.03898,3.30969,-0.217234,3330,4.49327
Wewnetrzna,4.4934,22,2.6493,1.65698,2.98192,3.36118,-0.217234,3180,4.49326
Wewnetrzna,4.4934,23,1.37073,3.457,3.02357,3.32379,-0.217234,3480,4.49328
Wewnetrzna,4.4934,24,2.68054,3.53396,2.90627,3.42674,-0.217234,3100,4.49321
Wewnetrzna,4.4934,25,2.88515,1.37478,3.02004,3.327,-0.217234,3175,4.49328
Wewnetrzna,4.4934,26,1.17728,3.84824,3.01892,3.32802,-0.217234,3270,4.49329
Wewnetrzna,4.4934,27,1.49252,1.16055,3.07336,3.27779,-0.217234,3595,4.49327
Wewnetrzna,4.4934,28,1.40026,1.32229,3.0053,3.34033,-0.217234,3290,4.49328
Wewnetrzna,4.4934,29,1.54476,3.19125,2.88218,3.44703,-0.217234,2810,4.49321
Wewnetrzna,4.4934,30,2.84651,2.48207,3.039,3.30968,-0.217234,3695,4.49327
Wewnetrzna,4.4934,31,1.59977,2.91036,2.94898,3.39014,-0.217234,2985,4.49327
Wewnetrzna,4.4934,32,1.2283,3.24807,3.02191,3.3253,-0.217234,2940,4.49328
Wewnetrzna,4.4934,33,3.56634,1.94728,2.98247,3.36069,-0.217234,3380,4.49326
Wewnetrzna,4.4934,34,2.97763,3.1046,3.05021,3.29935,-0.217234,3335,4.49327
Wewnetrzna,4.4934,35,1.21212,2.5133,3.04553,3.30365,-0.217234,3780,4.49326
Wewnetrzna,4.4934,36,2.62624,1.3884,3.04703,3.30229,-0.217234,3275,4.49327
Wewnetrzna,4.4934,37,1.86914,3.11776,3.01911,3.32784,-0.217234,3435,4.49328
Wewnetrzna,4.4934,38,1.54795,3.34898,3.07264,3.27846,-0.217234,3680,4.49327
Wewnetrzna,4.4934,39,2.98045,1.94721,3.02134,3.32582,-0.217234,3200,4.49328
Wewnetrzna,4.4934,40,2.38799,2.49158,3.00784,3.33803,-0.217234,3175,4.49328
Wewnetrzna,4.4934,41,1.74243,3.47488,2.95261,3.38695,-0.217234,3190,4.49326
Wewnetrzna,4.4934,42,1.93847,3.72846,2.99755,3.34729,-0.217234,3235,4.49329
Wewnetrzna,4.4934,43,2.91855,1.84936,2.94303,3.39528,-0.217234,3300,4.49326
Wewnetrzna,4.4934,44,3.90262,1.40378,2.9494,3.38977,-0.217234,3175,4.49327
Wewnetrzna,4.4934,45,1.06008,2.4198,3.03658,3.3119,-0.217234,3810,4.49327
Wewnetrzna,4.4934,46,2.90585,1.60704,2.97198,3.36997,-0.217234,3230,4.49326
Wewnetrzna,4.4934,47,1.27638,1.3939,2.95923,3.38117,-0.217234,3155,4.49326
Wewnetrzna,4.4934,48,3.91711,2.19831,2.97929,3.36352,-0.217234,3380,4.49326
Wewnetrzna,4.4934,49,2.22848,1.8127,2.97565,3.36674,-0.217234,3500,4.49326
Wewnetrzna,4.4934,50,3.68889,1.99237,3.03257,3.31558,-0.217234,3635,4.49328
Wewnetrzna,4.4934,51,1.98355,1.04849,3.0473,3.30204,-0.217234,3625,4.49327
Wewnetrzna,4.4934,52,2.57992,2.92102,3.0308,3.31719,-0.217234,3375,4.49328
Wewnetrzna,4.4934,53,3.77595,1.00607,2.99054,3.35353,-0.217234,3225,4.49327
Wewnetrzna,4.4934,54,1.40885,3.22994,3.01839,3.3285,-0.217234,3335,4.49328
Wewnetrzna,4.4934,55,2.22454,3.0631,2.96207,3.37869,-0.217234,3145,4.49326
Wewnetrzna,4.4934,56,2.90161,2.7752,3.07107,3.27993,-0.217234,3880,4.49327
Wewnetrzna,4.4934,57,2.85118,2.9607,3.03335,3.31487,-0.217234,3280,4.49328
Wewnetrzna,4.4934,58,4.194,1.26463,2.9843,3.35907,-0.217234,3445,4.49326
Wewnetrzna,4.4934,59,1.65752,1.62758,3.03848,3.31016,-0.217234,3690,4.49328
Wewnetrzna,4.4934,60,3.92265,1.08223,3.02161,3.32558,-0.217234,3740,4.49328
Wewnetrzna,4.4934,61,2.82489,1.65873,2.98179,3.36129,-0.217234,3370,4.49326
Wewnetrzna,4.4934,62,1.89393,2.02139,3.07241,3.27868,-0.217234,3630,4.49327
Wewnetrzna,4.4934,63,2.6501,1.19999,3.00389,3.34157,-0.217234,3405,4.49327
Wewnetrzna,4.4934,64,1.12642,3.63265,3.04774,3.30163,-0.217234,3575,4.49328
Wewnetrzna,4.4934,65,1.24748,2.70534,3.0217,3.32549,-0.217234,3495,4.49328
Wewnetrzna,4.4934,66,2.71041,1.33825,3.04723,3.3021,-0.217234,3670,4.49327
Wewnetrzna,4.4934,67,2.7162,3.11826,2.99088,3.35322,-0.217234,3360,4.49327
Wewnetrzna,4.4934,68,1.68896,1.9764,3.05085,3.29875,-0.217234,3465,4.49327
Wewnetrzna,4.4934,69,2.22254,3.53914,3.0131,3.33323,-0.217234,3530,4.49324
Wewnetrzna,4.4934,70,3.9361,1.92414,3.03956,3.30916,-0.217234,3460,4.49327
Wewnetrzna,4.4934,71,3.63701,1.33138,3.03417,3.31409,-0.217234,3835,4.49326
Wewnetrzna,4.4934,72,1.04912,1.96951,3.007,3.33877,-0.217234,3510,4.49327
Wewnetrzna,4.4934,73,1.98911,1.94205,2.98325,3.36,-0.217234,3425,4.49326
Wewnetrzna,4.4934,74,2.14104,3.11532,3.05095,3.29867,-0.217234,3430,4.49327
Wewnetrzna,4.4934,75,2.77845,2.38752,3.07437,3.27685,-0.217234,3390,4.49327
Wewnetrzna,4.4934,76,1.32825,3.83873,2.87648,3.45179,-0.217234,2820,4.49321
Wewnetrzna,4.4934,77,1.91755,3.03766,3.05315,3.29663,-0.217234,3020,4.49327
Wewnetrzna,4.4934,78,1.66352,3.25076,3.00552,3.34013,-0.217234,3465,4.49329
Wewnetrzna,4.4934,79,3.0801,2.35148,3.00592,3.33975,-0.217234,3620,4.49327
Wewnetrzna,4.4934,80,1.39821,3.66987,2.99078,3.35331,-0.217234,3680,4.49327
Wewnetrzna,4.4934,81,2.1879,2.63352,3.00345,3.34199,-0.217234,3265,4.49329
Wewnetrzna,4.4934,82,4.16686,1.33251,2.97079,3.37102,-0.217234,3360,4.49326
Wewnetrzna,4.4934,83,3.09782,2.80466,2.9629,3.37795,-0.217234,3115,4.49325
Wewnetrzna,4.4934,84,2.91284,1.38387,3.00651,3.33922,-0.217234,3435,4.49327
Wewnetrzna,4.4934,85,1.78535,3.90517,3.0184,3.32849,-0.217234,3185,4.49328
Wewnetrzna,4.4934,86,2.66354,2.83579,3.07331,3.27784,-0.217234,3720,4.49327
Wewnetrzna,4.4934,87,3.79835,2.3973,3.00344,3.342,-0.217234,3255,4.49329
Wewnetrzna,4.4934,88,1.57477,3.37741,3.00002,3.34507,-0.217234,3140,4.49329
Wewnetrzna,4.4934,89,1.51853,3.5776,3.07227,3.27881,-0.217234,3685,4.49327
Wewnetrzna,4.4934,90,4.19072,1.54646,3.07418,3.27702,-0.217234,3705,4.49327
Wewnetrzna,4.4934,91,2.27606,2.61116,2.92538,3.41053,-0.217234,2945,4.49328
Wewnetrzna,4.4934,92,1.92933,1.97484,3.02616,3.32143,-0.217234,3455,4.49328
Wewnetrzna,4.4934,93,1.35885,1.65852,2.99166,3.35251,-0.217234,3515,4.49326
Wewnetrzna,4.4934,94,2.59017,2.1432,3.02652,3.32111,-0.217234,3485,4.49328
Wewnetrzna,4.4934,95,1.0713,2.34586,3.03381,3.31442,-0.217234,3775,4.49326
Wewnetrzna,4.4934,96,2.59919,1.21251,3.00698,3.33879,-0.217234,2995,4.49327
Wewnetrzna,4.4934,97,1.21829,2.00993,3.08363,3.26814,-0.217234,3590,4.49327
Wewnetrzna,4.4934,98,2.97317,1.73582,3.03319,3.31501,-0.217234,3615,4.49328
Wewnetrzna,4.4934,99,1.09513,1.57395,3.0392,3.30949,-0.217234,3560,4.49327
Wewnetrzna,4.4934,100,1.47476,2.6649,2.98062,3.36233,-0.217234,3430,4.49326
Zewnetrzna,5,1,0.34085,-4.50714,1.8928,4.0753,-0.217234,595,4.49341
Zewnetrzna,5,2,1.32798,3.99285,1.68978,4.16358,-0.217234,695,4.49341
Zewnetrzna,5,3,0.104636,3.98688,1.46382,4.24829,-0.217234,440,4.49341
Zewnetrzna,5,4,-3.21791,1.12957,3.78108,2.42778,-0.217234,365,4.49341
Zewnetrzna,5,5,-4.12986,1.33375,3.54081,2.76647,-0.217234,465,4.49341
Zewnetrzna,5,6,4.40103,-3.92852,3.66712,2.59672,-0.217234,640,4.49341
Zewnetrzna,5,7,-4.81433,1.81659,3.55875,2.74337,-0.217234,520,4.49341
Zewnetrzna,5,8,1.03463,4.29276,1.31736,4.29596,-0.217234,300,4.49341
Zewnetrzna,5,9,-2.75573,-0.00295346,4.3293,1.20329,-0.217234,335,4.49341
Zewnetrzna,5,10,-1.89135,1.82176,3.46875,2.85631,-0.217234,625,4.49341
Zewnetrzna,5,11,0.602839,-1.26898,1.73281,4.14585,-0.217234,640,4.49341
Zewnetrzna,5,12,4.71151,-3.7485,3.23853,3.1149,-0.217234,635,4.49341
Zewnetrzna,5,13,0.83569,4.9811,1.65301,4.17831,-0.217234,475,4.49341
Zewnetrzna,5,14,-2.10746,0.0447611,3.90205,2.22817,-0.217234,620,4.49341
Zewnetrzna,5,15,1.83596,-0.750535,2.89936,3.43285,-0.217234,435,4.49341
Zewnetrzna,5,16,4.81046,-2.82319,1.49042,4.23903,-0.217234,530,4.49341
Zewnetrzna,5,17,-0.257677,1.13844,3.5465,2.75918,-0.217234,450,4.49341
Zewnetrzna,5,18,-3.83035,4.84696,2.15715,3.94175,-0.217234,480,4.49341
Zewnetrzna,5,19,0.125317,-2.04826,2.01675,4.0154,-0.217234,445,4.49341
Zewnetrzna,5,20,0.97653,0.995459,2.47821,3.74823,-0.217234,325,4.49341
Zewnetrzna,5,21,4.28549,0.377561,4.32202,1.22917,-0.217234,580,4.49341
Zewnetrzna,5,22,2.06694,4.47117,2.77919,3.53084,-0.217234,320,4.49341
Zewnetrzna,5,23,-2.80585,-1.89843,3.83813,2.33655,-0.217234,640,4.49341
Zewnetrzna,5,24,3.76393,-0.561573,3.54401,2.76237,-0.217234,330,4.49341
Zewnetrzna,5,25,3.09862,-3.12742,1.84285,4.09813,-0.217234,475,4.49341
Zewnetrzna,5,26,-3.73981,-1.29854,4.16406,1.68859,-0.217234,340,4.49341
Zewnetrzna,5,27,0.603602,-4.0283,1.87999,4.08122,-0.217234,355,4.49341
Zewnetrzna,5,28,-0.0470402,-3.56071,1.20466,4.32892,-0.217234,480,4.49341
Zewnetrzna,5,29,-4.0472,2.8455,4.25807,1.43513,-0.217234,510,4.49341
Zewnetrzna,5,30,1.48405,2.78876,2.1864,3.92561,-0.217234,360,4.49341
Zewnetrzna,5,31,-2.90503,1.29451,3.36227,2.98092,-0.217234,525,4.49341
Zewnetrzna,5,32,4.96557,1.83729,3.97656,2.09229,-0.217234,445,4.49341
Zewnetrzna,5,33,-2.56705,-3.86478,1.02661,4.37456,-0.217234,635,4.49341
Zewnetrzna,5,34,1.68425,2.55827,2.39122,3.80431,-0.217234,465,4.49341
Zewnetrzna,5,35,-0.91304,-2.33922,2.05979,3.9935,-0.217234,475,4.49341
Zewnetrzna,5,36,-1.44627,-1.62755,3.0995,3.25328,-0.217234,410,4.49341
Zewnetrzna,5,37,3.03834,-4.37933,3.98338,2.07928,-0.217234,465,4.49341
Zewnetrzna,5,38,-2.15638,-4.7675,1.75429,4.13681,-0.217234,475,4.49341
Zewnetrzna,5,39,-1.27776,-3.39245,1.54593,4.2191,-0.217234,465,4.49341
Zewnetrzna,5,40,-0.329078,-3.17914,1.88342,4.07964,-0.217234,515,4.49341
Zewnetrzna,5,41,-1.51986,0.931112,4.11641,1.80163,-0.217234,340,4.49341
Zewnetrzna,5,42,0.522321,4.08374,1.30198,4.30065,-0.217234,305,4.49341
Zewnetrzna,5,43,1.90281,-4.52472,1.31241,4.29748,-0.217234,520,4.49341
Zewnetrzna,5,44,-4.47697,2.85561,2.03628,4.00553,-0.217234,685,4.49341
Zewnetrzna,5,45,3.32078,2.00708,3.75545,2.46725,-0.217234,555,4.49341
Zewnetrzna,5,46,0.644369,-4.58425,1.93235,4.05669,-0.217234,775,4.49341
Zewnetrzna,5,47,-1.6984,0.609935,4.19636,1.60663,-0.217234,470,4.49341
Zewnetrzna,5,48,2.25305,0.734546,4.23445,1.50338,-0.217234,320,4.49341
Zewnetrzna,5,49,1.74516,-1.0627,2.99396,3.35066,-0.217234,460,4.49341
Zewnetrzna,5,50,-1.70719,-4.16788,1.40349,4.2686,-0.217234,580,4.49341
Zewnetrzna,5,51,1.59808,1.84654,1.89669,4.07348,-0.217234,890,4.49341
Zewnetrzna,5,52,-0.79543,-0.363581,3.48681,2.83424,-0.217234,450,4.49341
Zewnetrzna,5,53,2.46721,2.04819,3.45667,2.87092,-0.217234,320,4.49341
Zewnetrzna,5,54,-0.131086,-3.81055,1.43292,4.25881,-0.217234,360,4.49341
Zewnetrzna,5,55,3.65575,4.53984,3.87323,2.27789,-0.217234,595,4.49341
Zewnetrzna,5,56,-1.98969,-2.86412,2.7622,3.54415,-0.217234,360,4.49341
Zewnetrzna,5,57,0.470948,3.53263,1.27333,4.30922,-0.217234,300,4.49341
Zewnetrzna,5,58,-3.78038,-2.62624,4.14622,1.73193,-0.217234,765,4.49341
Zewnetrzna,5,59,4.00791,-3.25734,3.87471,2.27538,-0.217234,495,4.49341
Zewnetrzna,5,60,-4.77063,2.3287,1.62254,4.19024,-0.217234,375,4.49341
Zewnetrzna,5,61,3.74974,0.873737,4.31812,1.2428,-0.217234,285,4.49341
Zewnetrzna,5,62,2.74445,-2.94866,3.67572,2.58453,-0.217234,460,4.49341
Zewnetrzna,5,63,-3.51633,-0.00250589,4.35714,1.0982,-0.217234,575,4.49341
Zewnetrzna,5,64,2.78588,3.22883,3.3352,3.01117,-0.217234,400,4.49341
Zewnetrzna,5,65,3.93479,-3.92131,2.4748,3.75048,-0.217234,475,4.49341
Zewnetrzna,5,66,4.06094,0.532867,4.30699,1.28085,-0.217234,320,4.49341
Zewnetrzna,5,67,2.92523,-1.73449,4.17033,1.67305,-0.217234,595,4.49341
Zewnetrzna,5,68,-4.83071,0.392437,3.4282,2.90485,-0.217234,580,4.49341
Zewnetrzna,5,69,-4.68629,0.0381994,3.83084,2.34848,-0.217234,370,4.49341
Zewnetrzna,5,70,1.58188,3.96945,2.12647,3.95839,-0.217234,590,4.49341
Zewnetrzna,5,71,-0.421965,4.59219,2.14824,3.94662,-0.217234,335,4.49341
Zewnetrzna,5,72,-3.89466,-4.95102,2.70931,3.58474,-0.217234,480,4.49341
Zewnetrzna,5,73,3.12482,-2.67504,4.37758,1.01367,-0.217234,380,4.49341
Zewnetrzna,5,74,-2.57726,2.13273,3.60942,2.67635,-0.217234,525,4.49341
Zewnetrzna,5,75,-0.932386,-2.34789,1.98386,4.03175,-0.217234,460,4.49341
Zewnetrzna,5,76,-0.53857,-2.18265,2.14891,3.94625,-0.217234,590,4.49341
Zewnetrzna,5,77,3.52585,-2.79412,2.46588,3.75635,-0.217234,470,4.49341
Zewnetrzna,5,78,-0.131311,-4.99048,2.3064,3.85632,-0.217234,455,4.49341
Zewnetrzna,5,79,2.20337,-2.34543,2.89806,3.43394,-0.217234,325,4.49341
Zewnetrzna,5,80,3.23835,1.13816,4.27497,1.38396,-0.217234,470,4.49341
Zewnetrzna,5,81,-1.26674,2.29929,2.68127,3.60576,-0.217234,465,4.49341
Zewnetrzna,5,82,-3.32897,-3.3415,3.20269,3.15174,-0.217234,435,4.49341
Zewnetrzna,5,83,-4.4352,-3.15968,4.29799,1.31074,-0.217234,550,4.49341
Zewnetrzna,5,84,2.05093,-4.12149,1.02911,4.37398,-0.217234,600,4.49341
Zewnetrzna,5,85,1.87851,-1.36718,3.31178,3.03692,-0.217234,300,4.49341
Zewnetrzna,5,86,4.84796,-3.54345,3.09234,3.26009,-0.217234,385,4.49341
Zewnetrzna,5,87,-1.77499,-4.0467,1.90008,4.07191,-0.217234,640,4.49341
Zewnetrzna,5,88,-3.49447,-3.65017,3.17266,3.18198,-0.217234,625,4.49341
Zewnetrzna,5,89,-1.72175,-1.07173,4.21571,1.55517,-0.217234,504,4.49341
Zewnetrzna,5,90,3.48257,2.34587,3.5934,2.69781,-0.217234,455,4.49341
Zewnetrzna,5,91,1.58039,-2.056,2.66308,3.61922,-0.217234,640,4.49341
Zewnetrzna,5,92,-4.83678,0.106233,3.58014,2.71539,-0.217234,630,4.49341
Zewnetrzna,5,93,0.149877,0.0319104,3.72681,2.51031,-0.217234,365,4.49341
Zewnetrzna,5,94,0.115753,-2.64675,1.75329,4.13723,-0.217234,640,4.49341
Zewnetrzna,5,95,2.68648,-1.6459,4.31813,1.24277,-0.217234,450,4.49341
Zewnetrzna,5,96,3.49141,-3.58026,1.07766,4.36227,-0.217234,490,4.49341
Zewnetrzna,5,97,-4.34661,-4.83756,3.14315,3.21113,-0.217234,450,4.49341
Zewnetrzna,5,98,-1.92176,-3.7818,2.47428,3.75082,-0.217234,380,4.49341
Zewnetrzna,5,99,-2.99724,-4.87083,1.97405,4.03656,-0.217234,630,4.49341
Zewnetrzna,5,100,-2.90329,3.88127,3.1014,3.25147,-0.217234,340,4.49341
Wewnetrzna,5,1,2.50504,1.77848,3.17651,3.17813,-0.217234,2215,4.49341
Wewnetrzna,5,2,1.13606,3.7944,3.17681,3.17781,-0.217234,1330,4.49339
Wewnetrzna,5,3,2.1596,1.73797,3.17757,3.17706,-0.217234,1505,4.49341
Wewnetrzna,5,4,3.3085,3.7274,3.17799,3.17665,-0.217234,2300,4.49341
Wewnetrzna,5,5,2.40913,1.94134,3.17735,3.1773,-0.217234,1934,4.49341
Wewnetrzna,5,6,3.98281,2.96533,3.17695,3.17769,-0.217234,2094,4.49341
Wewnetrzna,5,7,4.48614,2.03009,3.17756,3.17708,-0.217234,1525,4.49341
Wewnetrzna,5,8,3.37106,3.30302,3.17726,3.17739,-0.217234,2075,4.49341
Wewnetrzna,5,9,3.36797,1.36149,3.17727,3.17737,-0.217234,2215,4.49341
Wewnetrzna,5,10,3.7214,2.91718,3.17656,3.17808,-0.217234,1905,4.49341
Wewnetrzna,5,11,1.73706,3.85647,3.17753,3.17711,-0.217234,1480,4.49341
Wewnetrzna,5,12,1.71258,2.89566,3.17673,3.17791,-0.217234,2085,4.49341
Wewnetrzna,5,13,4.59344,1.04764,3.17599,3.17865,-0.217234,1885,4.49341
Wewnetrzna,5,14,1.36691,2.90294,3.1771,3.17754,-0.217234,1485,4.49341
Wewnetrzna,5,15,3.77404,2.77504,3.17903,3.17561,-0.217234,1910,4.49341
Wewnetrzna,5,16,1.64577,3.73557,3.17714,3.1775,-0.217234,1925,4.49341
Wewnetrzna,5,17,2.29777,2.22823,3.17705,3.17759,-0.217234,1500,4.49341
Wewnetrzna,5,18,2.85495,1.42758,3.17529,3.17935,-0.217234,2350,4.49341
Wewnetrzna,5,19,1.78807,3.97982,3.17705,3.17759,-0.217234,1515,4.49341
Wewnetrzna,5,20,4.39159,2.2002,3.17905,3.17559,-0.217234,2060,4.49341
Wewnetrzna,5,21,2.57112,1.56591,3.17726,3.17738,-0.217234,1940,4.49341
Wewnetrzna,5,22,2.33008,3.9605,3.17733,3.17731,-0.217234,1530,4.49341
Wewnetrzna,5,23,2.69707,2.99537,3.17805,3.17659,-0.217234,1925,4.49341
Wewnetrzna,5,24,2.52679,3.99384,3.17726,3.17738,-0.217234,1945,4.49341
Wewnetrzna,5,25,4.60367,1.20948,3.17581,3.17883,-0.217234,1885,4.49341
Wewnetrzna,5,26,2.40868,2.00333,3.17618,3.17846,-0.217234,1940,4.49341
Wewnetrzna,5,27,2.11126,1.52606,3.17839,3.17625,-0.217234,1915,4.49341
Wewnetrzna,5,28,1.67879,3.08173,3.17551,3.17913,-0.217234,2210,4.49341
Wewnetrzna,5,29,1.35501,3.24892,3.17756,3.17707,-0.217234,1540,4.49341
Wewnetrzna,5,30,3.64663,1.23061,3.17815,3.17649,-0.217234,1940,4.49341
Wewnetrzna,5,31,1.18695,2.11548,3.17856,3.17608,-0.217234,1935,4.49341
Wewnetrzna,5,32,3.4266,1.21033,3.17839,3.17625,-0.217234,1905,4.49341
Wewnetrzna,5,33,3.85853,2.5658,3.17712,3.17751,-0.217234,1510,4.49341
Wewnetrzna,5,34,3.18419,1.5566,3.17668,3.17796,-0.217234,2075,4.49341
Wewnetrzna,5,35,2.86787,3.69639,3.17808,3.17656,-0.217234,1910,4.49341
Wewnetrzna,5,36,2.69365,1.58902,3.17563,3.17901,-0.217234,1750,4.49341
Wewnetrzna,5,37,1.93513,3.80391,3.17903,3.17561,-0.217234,1900,4.49341
Wewnetrzna,5,38,2.11407,2.61293,3.17657,3.17807,-0.217234,2030,4.49341
Wewnetrzna,5,39,1.88664,2.46809,3.17744,3.1772,-0.217234,2105,4.49341
Wewnetrzna,5,40,2.6977,1.04879,3.17717,3.17747,-0.217234,1530,4.49341
Wewnetrzna,5,41,1.64875,1.57794,3.17747,3.17717,-0.217234,1780,4.49341
Wewnetrzna,5,42,1.78728,3.80436,3.17725,3.17739,-0.217234,1625,4.49341
Wewnetrzna,5,43,1.64115,3.97047,3.17811,3.17653,-0.217234,2190,4.49341
Wewnetrzna,5,44,4.35996,1.20232,3.17808,3.17656,-0.217234,2225,4.49341
Wewnetrzna,5,45,3.98508,2.77417,3.17721,3.17743,-0.217234,2110,4.49341
Wewnetrzna,5,46,2.88226,1.85396,3.177,3.17764,-0.217234,2055,4.49341
Wewnetrzna,5,47,1.47156,2.0626,3.17723,3.17741,-0.217234,1635,4.49341
Wewnetrzna,5,48,1.78576,3.16422,3.17817,3.17647,-0.217234,2235,4.49341
Wewnetrzna,5,49,2.65061,2.71989,3.17813,3.17651,-0.217234,2220,4.49341
Wewnetrzna,5,50,1.96913,3.76369,3.17733,3.17731,-0.217234,1895,4.49341
Wewnetrzna,5,51,1.23277,4.19366,3.17697,3.17766,-0.217234,1525,4.49341
Wewnetrzna,5,52,2.38805,2.92947,3.17722,3.17742,-0.217234,1500,4.49341
Wewnetrzna,5,53,2.11115,4.29269,3.17764,3.177,-0.217234,1650,4.49341
Wewnetrzna,5,54,2.99263,2.75129,3.17664,3.178,-0.217234,1910,4.49341
Wewnetrzna,5,55,3.26416,2.35359,3.1789,3.17574,-0.217234,2060,4.49341
Wewnetrzna,5,56,2.95261,1.94661,3.17625,3.17839,-0.217234,2195,4.49341
Wewnetrzna,5,57,1.265,1.9387,3.17842,3.17622,-0.217234,2220,4.49341
Wewnetrzna,5,58,3.71978,3.14626,3.17786,3.17678,-0.217234,2125,4.49341
Wewnetrzna,5,59,2.35556,1.85946,3.17717,3.17747,-0.217234,2080,4.49341
Wewnetrzna,5,60,1.2973,3.3237,3.17904,3.1756,-0.217234,1930,4.49341
Wewnetrzna,5,61,1.17947,4.85392,3.17701,3.17763,-0.217234,1625,4.49341
Wewnetrzna,5,62,3.82277,2.56652,3.17644,3.1782,-0.217234,2245,4.49341
Wewnetrzna,5,63,2.78439,3.06522,3.17742,3.17722,-0.217234,1675,4.49341
Wewnetrzna,5,64,4.60132,1.2918,3.17653,3.17811,-0.217234,2055,4.49341
Wewnetrzna,5,65,2.25349,1.71347,3.17839,3.17626,-0.217234,1880,4.49341
Wewnetrzna,5,66,3.46376,2.84866,3.17757,3.17704,-0.217234,1345,4.49339
Wewnetrzna,5,67,1.59972,1.41737,3.17776,3.17688,-0.217234,2115,4.49341
Wewnetrzna,5,68,3.79426,1.86371,3.17784,3.1768,-0.217234,2055,4.49341
Wewnetrzna,5,69,2.35507,2.51505,3.17786,3.17679,-0.217234,2175,4.49341
Wewnetrzna,5,70,1.70639,3.21782,3.17704,3.1776,-0.217234,2060,4.49341
Wewnetrzna,5,71,2.72313,3.06096,3.17798,3.17666,-0.217234,1950,4.49341
Wewnetrzna,5,72,1.38566,3.69943,3.17661,3.17803,-0.217234,2025,4.49341
Wewnetrzna,5,73,2.64854,1.56413,3.17663,3.17801,-0.217234,1970,4.49341
Wewnetrzna,5,74,3.55435,1.4723,3.17661,3.17803,-0.217234,2055,4.49341
Wewnetrzna,5,75,3.12964,1.33974,3.17657,3.17807,-0.217234,2380,4.49341
Wewnetrzna,5,76,3.53652,2.73196,3.17661,3.17803,-0.217234,1945,4.49341
Wewnetrzna,5,77,3.44443,1.21504,3.17855,3.17609,-0.217234,2230,4.49341
Wewnetrzna,5,78,4.03514,1.90919,3.17816,3.17648,-0.217234,2225,4.49341
Wewnetrzna,5,79,2.32556,1.85796,3.17844,3.1762,-0.217234,1910,4.49341
Wewnetrzna,5,80,1.49856,3.67963,3.17768,3.17694,-0.217234,1355,4.49339
Wewnetrzna,5,81,2.82636,4.0774,3.17846,3.17618,-0.217234,1955,4.49341
Wewnetrzna,5,82,2.13936,1.80263,3.17753,3.17709,-0.217234,1350,4.49339
Wewnetrzna,5,83,2.56892,2.52402,3.17691,3.17773,-0.217234,2070,4.49341
Wewnetrzna,5,84,3.08714,3.05641,3.17738,3.17725,-0.217234,1510,4.49341
Wewnetrzna,5,85,4.68776,1.21779,3.1774,3.17724,-0.217234,1545,4.49341
Wewnetrzna,5,86,3.39515,3.22528,3.1767,3.17794,-0.217234,2075,4.49341
Wewnetrzna,5,87,2.94875,4.0247,3.17793,3.17671,-0.217234,2095,4.49341
Wewnetrzna,5,88,3.01529,1.39418,3.17665,3.17799,-0.217234,2040,4.49341
Wewnetrzna,5,89,4.23874,2.05143,3.17728,3.17736,-0.217234,1985,4.49341
Wewnetrzna,5,90,2.30237,2.30243,3.17731,3.17732,-0.217234,1500,4.49341
Wewnetrzna,5,91,1.68628,3.62694,3.17798,3.17667,-0.217234,2250,4.49341
Wewnetrzna,5,92,3.15939,2.18384,3.17801,3.17663,-0.217234,2000,4.49341
Wewnetrzna,5,93,2.30757,1.5324,3.17771,3.17693,-0.217234,1900,4.49341
Wewnetrzna,5,94,1.69137,4.13293,3.17741,3.17723,-0.217234,2095,4.49341
Wewnetrzna,5,95,3.68242,1.74916,3.17786,3.17678,-0.217234,2225,4.49341
Wewnetrzna,5,96,4.21735,1.25233,3.1774,3.17724,-0.217234,2120,4.49341
Wewnetrzna,5,97,3.27218,3.71941,3.17722,3.17742,-0.217234,2130,4.49341
Wewnetrzna,5,98,4.46779,1.36032,3.17802,3.17662,-0.217234,2085,4.49341
Wewnetrzna,5,99,1.77682,4.15655,3.17702,3.1776,-0.217234,1360,4.49339
Wewnetrzna,5,100,1.57711,4.17097,3.17702,3.17762,-0.217234,1490,4.49341
