Dlugosc_kroku,Lp,x1_0,x2_0,SD_x1,SD_x2,SD_y,SD_f_calls,SD_g_calls,SD_Globalne,CG_x1,CG_x2,CG_y,CG_f_calls,CG_g_calls,CG_Globalne,Newt_x1,Newt_x2,Newt_y,Newt_f_calls,Newt_g_calls,Newt_H_calls,Newt_Globalne
0.050000,1,-0.819971,-0.511392,4.42535e-05,-0.000107301,1.06818e-08,169,168,TAK,-7.2341e-06,2.90404e-05,7.37927e-10,169,168,TAK,-1.0705,0.535086,0.877362,169,168,168,NIE
0.050000,2,1.48445,1.76262,4.44132e-05,-0.000107223,1.06797e-08,304,303,TAK,-nan,-nan,-nan,304,303,NIE,1.74772,-0.873859,0.298639,304,303,303,NIE
0.050000,3,1.78253,0.368379,1.74754,-0.873682,0.298638,173,172,NIE,1.74755,-0.873753,0.298638,173,172,NIE,1.74756,-0.873593,0.298638,173,172,172,NIE
0.050000,4,-1.78271,1.11877,-1.74756,0.873867,0.298638,142,141,NIE,-1.74755,0.873798,0.298638,142,141,NIE,-1.74758,0.873955,0.298638,142,141,141,NIE
0.050000,5,0.607468,0.361258,-4.30395e-05,0.000103924,1.00321e-08,165,164,TAK,-8.05575e-06,7.36281e-06,1.24688e-10,165,164,TAK,1.07048,-0.535095,0.877362,165,164,164,NIE
0.050000,6,0.6495,-0.901321,4.17727e-05,-0.000100848,9.44758e-09,156,155,TAK,8.78756e-06,-1.33276e-05,2.1495e-10,156,155,TAK,1.07045,-0.535427,0.877362,156,155,155,NIE
0.050000,7,-0.21716,1.39972,-4.39853e-05,0.00010619,1.04749e-08,175,174,TAK,-4.96775e-06,1.90484e-05,3.17571e-10,175,174,TAK,-2.71373e-05,0.000185312,3.07845e-08,175,174,174,TAK
0.050000,8,-1.62067,1.96501,-1.74756,0.873864,0.298638,171,170,NIE,-1.74755,0.873792,0.298638,171,170,NIE,-1.74754,0.873958,0.298638,171,170,170,NIE
0.050000,9,-0.380189,0.63971,-4.22681e-05,0.000102044,9.673e-09,161,160,TAK,-1.00269e-05,2.19885e-05,4.64095e-10,161,160,TAK,-8.47491e-05,0.000165011,2.76088e-08,161,160,160,TAK
0.050000,10,1.43663,-1.81036,1.74756,-0.873865,0.298638,173,172,NIE,1.74755,-0.873794,0.298638,173,172,NIE,1.07058,-0.535453,0.877362,173,172,172,NIE
0.050000,11,-0.100231,0.824406,-4.11547e-05,9.93562e-05,9.1701e-09,165,164,TAK,-4.25542e-06,1.66746e-05,2.43303e-10,165,164,TAK,-2.19783e-05,0.000183008,3.04357e-08,165,164,164,TAK
0.050000,12,-0.901319,0.00991731,-4.21212e-05,0.000101689,9.60586e-09,157,156,TAK,7.5961e-07,-1.87229e-05,3.37477e-10,157,156,TAK,-1.07049,0.535098,0.877362,157,156,156,NIE
0.050000,13,-1.24193,-1.07278,-4.18595e-05,0.000101058,9.48685e-09,178,177,TAK,-nan,-nan,-nan,178,177,NIE,-1.07056,0.535088,0.877362,178,177,177,NIE
0.050000,14,1.87036,0.42264,1.74754,-0.873688,0.298638,173,172,NIE,1.74755,-0.873758,0.298638,173,172,NIE,1.74758,-0.873589,0.298638,173,172,172,NIE
0.050000,15,0.966107,-1.71046,1.74756,-0.873868,0.298638,172,171,NIE,-nan,-nan,-nan,172,171,NIE,1.07053,-0.535454,0.877362,172,171,171,NIE
0.050000,16,-0.493337,-1.85386,4.36603e-05,-0.000105405,1.03207e-08,182,181,TAK,9.29071e-06,-2.81808e-05,7.0497e-10,182,181,TAK,-3.14974e-05,-0.000179371,3.9808e-08,182,181,181,TAK
0.050000,17,-0.221853,-1.00888,4.33434e-05,-0.00010464,1.01714e-08,169,168,TAK,7.29313e-06,-2.69199e-05,6.34729e-10,169,168,TAK,-3.76096e-05,-0.000183828,4.35354e-08,169,168,168,TAK
0.050000,18,1.90875,-0.43932,1.74754,-0.87369,0.298638,154,153,NIE,1.74755,-0.873755,0.298638,154,153,NIE,1.74765,-0.873623,0.298639,154,153,153,NIE
0.050000,19,1.3595,-1.87396,1.74756,-0.873869,0.298638,174,173,NIE,1.74755,-0.873798,0.298638,174,173,NIE,1.07058,-0.535457,0.877362,174,173,173,NIE
0.050000,20,-1.32055,-0.0330358,-1.74754,0.873684,0.298638,159,158,NIE,-1.74755,0.873756,0.298638,159,158,NIE,-1.07061,0.535097,0.877362,159,158,158,NIE
0.050000,21,0.487297,1.32895,-4.10533e-05,9.91114e-05,9.12497e-09,176,175,TAK,-1.16638e-05,2.93122e-05,7.89404e-10,176,175,TAK,4.28884e-05,0.000177279,4.27097e-08,176,175,175,TAK
0.050000,22,1.06564,-1.72986,1.74756,-0.873868,0.298638,172,171,NIE,1.74755,-0.873753,0.298638,172,171,NIE,1.07054,-0.535456,0.877362,172,171,171,NIE
0.050000,23,0.728663,1.44498,-4.32272e-05,0.00010436,1.0117e-08,182,181,TAK,-1.32672e-05,2.73414e-05,7.36845e-10,182,181,TAK,1.07052,-0.535091,0.877362,182,181,181,NIE
0.050000,24,-1.76485,-1.65153,-1.74754,0.873684,0.298638,187,186,NIE,-nan,-nan,-nan,187,186,NIE,-1.74755,0.873595,0.298638,187,186,186,NIE
0.050000,25,0.0846878,1.67177,-4.4016e-05,0.000106264,1.04896e-08,179,178,TAK,-2.13682e-06,2.09476e-05,4.03174e-10,179,178,TAK,9.09022e-06,0.000181168,3.46339e-08,179,178,178,TAK
0.050000,26,-1.46189,1.98446,-1.74756,0.873863,0.298638,175,174,NIE,-1.74755,0.873791,0.298638,175,174,NIE,-1.07058,0.535456,0.877362,175,174,174,NIE
0.050000,27,0.496179,-0.363211,4.35619e-05,-0.000105168,1.02742e-08,153,152,TAK,6.55192e-07,-1.55164e-05,2.31452e-10,153,152,TAK,0.000139279,-0.00011697,3.61878e-08,153,152,152,TAK
0.050000,28,-0.00562557,1.25425,-4.30648e-05,0.000103968,1.00411e-08,173,172,TAK,-1.8888e-06,1.61028e-05,2.36021e-10,173,172,TAK,-8.29103e-07,0.00018486,3.40213e-08,173,172,172,TAK
0.050000,29,0.564005,-0.135271,4.18273e-05,-0.00010098,9.4723e-09,463,462,TAK,1.24827e-05,-2.62485e-05,6.72968e-10,463,462,TAK,1.74772,-0.87386,0.298639,463,462,462,NIE
0.050000,30,-0.323115,-0.469889,4.20357e-05,-0.000101483,9.56693e-09,157,156,TAK,1.21909e-05,-1.48993e-05,3.37589e-10,157,156,TAK,-9.38445e-05,-0.000164533,6.01252e-08,157,156,156,TAK
0.050000,31,0.154268,1.18355,-4.14614e-05,0.000100097,9.30729e-09,172,171,TAK,-1.41511e-06,1.56614e-05,2.27123e-10,172,171,TAK,2.31994e-05,0.000183988,3.91965e-08,172,171,171,TAK
0.050000,32,-0.323753,1.93241,-4.19119e-05,0.000101184,9.51064e-09,181,180,TAK,-1.12792e-06,1.43736e-05,1.92933e-10,181,180,TAK,-2.74394e-05,0.000186842,3.12891e-08,181,180,180,TAK
0.050000,33,-1.82533,-0.415001,-1.74754,0.873688,0.298638,173,172,NIE,-1.74755,0.873759,0.298638,173,172,NIE,-1.74757,0.873588,0.298638,173,172,172,NIE
0.050000,34,-0.506906,1.53416,-4.29221e-05,0.000103623,9.97462e-09,176,175,TAK,-5.48759e-06,1.9993e-05,3.50235e-10,176,175,TAK,-4.24871e-05,0.000183082,2.93507e-08,176,175,175,TAK
0.050000,35,-0.288962,0.17254,-4.13034e-05,9.97152e-05,9.23649e-09,145,144,TAK,-2.64923e-06,1.80651e-05,2.92526e-10,145,144,TAK,-0.000160007,9.73923e-05,4.51065e-08,145,144,144,TAK
0.050000,36,-0.498874,-1.80167,4.21491e-05,-0.000101757,9.61858e-09,181,180,TAK,9.00028e-06,-2.81088e-05,6.9913e-10,181,180,TAK,-3.30835e-05,-0.000184015,4.21382e-08,181,180,180,TAK
0.050000,37,-0.498514,-1.43323,4.11916e-05,-9.94452e-05,9.18654e-09,177,176,TAK,7.10327e-06,-2.47234e-05,5.36543e-10,177,176,TAK,-4.06254e-05,-0.000181666,4.36838e-08,177,176,176,TAK
0.050000,38,-1.53153,-1.76985,-1.74754,0.873685,0.298638,187,186,NIE,-nan,-nan,-nan,187,186,NIE,-1.74754,0.87359,0.298638,187,186,186,NIE
0.050000,39,-1.98825,-1.29638,-1.74754,0.873683,0.298638,183,182,NIE,-1.74755,0.873798,0.298638,183,182,NIE,-1.74759,0.873594,0.298638,183,182,182,NIE
0.050000,40,-1.42138,0.0964341,-1.74754,0.873688,0.298638,157,156,NIE,-1.74755,0.873757,0.298638,157,156,NIE,-1.07064,0.535113,0.877362,157,156,156,NIE
0.050000,41,-1.62461,-0.883269,-1.74754,0.873683,0.298638,179,178,NIE,-1.74755,0.873755,0.298638,179,178,NIE,-1.74754,0.873588,0.298638,179,178,178,NIE
0.050000,42,0.0808912,0.871569,-4.30969e-05,0.000104045,1.0056e-08,166,165,TAK,-1.88877e-06,1.73635e-05,2.75829e-10,166,165,TAK,1.69279e-05,0.000184021,3.75519e-08,166,165,165,TAK
0.050000,43,0.75352,-1.92473,4.11514e-05,-9.93484e-05,9.16865e-09,176,175,TAK,-nan,-nan,-nan,176,175,NIE,1.07051,-0.535451,0.877362,176,175,175,NIE
0.050000,44,0.125814,-0.682475,4.11558e-05,-9.93589e-05,9.17059e-09,161,160,TAK,6.01676e-06,-2.04509e-05,3.67594e-10,161,160,TAK,3.36153e-05,-0.000185799,3.05357e-08,161,160,160,TAK
0.050000,45,-0.0600048,1.8027,-4.2111e-05,0.000101665,9.60124e-09,180,179,TAK,-1.16364e-06,1.438e-05,1.92759e-10,180,179,TAK,-6.14727e-06,0.00018553,3.33566e-08,180,179,179,TAK
0.050000,46,0.847637,-1.90574,1.74754,-0.873685,0.298638,175,174,NIE,-nan,-nan,-nan,175,174,NIE,1.07052,-0.535456,0.877362,175,174,174,NIE
0.050000,47,0.986249,-1.47612,1.74754,-0.873689,0.298638,167,166,NIE,-nan,-nan,-nan,167,166,NIE,1.07053,-0.53546,0.877362,167,166,166,NIE
0.050000,48,-1.97332,1.16091,-1.74756,0.873866,0.298638,157,156,NIE,-1.74755,0.873793,0.298638,157,156,NIE,-1.74769,0.873902,0.298639,157,156,156,NIE
0.050000,49,0.108882,-0.480228,4.43639e-05,-0.000107104,1.0656e-08,155,154,TAK,6.39022e-06,-2.08219e-05,3.82166e-10,155,154,TAK,3.97819e-05,-0.00017788,2.77302e-08,155,154,154,TAK
0.050000,50,0.695076,1.81992,-4.28464e-05,0.00010344,9.9395e-09,185,184,TAK,-9.62478e-06,2.8021e-05,7.00754e-10,185,184,TAK,1.07052,-0.535088,0.877362,185,184,184,NIE
0.050000,51,1.69231,-1.8038,1.74756,-0.873868,0.298638,167,166,NIE,1.74755,-0.873796,0.298638,167,166,NIE,1.74754,-0.873963,0.298638,167,166,166,NIE
0.050000,52,-1.98175,-0.806203,-1.74754,0.87369,0.298638,178,177,NIE,-1.74755,0.873754,0.298638,178,177,NIE,-1.7476,0.873595,0.298638,178,177,177,NIE
0.050000,53,-1.23703,-1.51327,4.33115e-05,-0.000104564,1.01566e-08,183,182,TAK,-2.84243e-06,1.72913e-05,2.65997e-10,183,182,TAK,-1.07056,0.53509,0.877362,183,182,182,NIE
0.050000,54,-0.576054,-1.22528,4.16626e-05,-0.000100582,9.39783e-09,177,176,TAK,1.12747e-05,-2.54615e-05,6.15455e-10,177,176,TAK,-1.07054,0.535089,0.877362,177,176,176,NIE
0.050000,55,-0.809656,0.00256802,-4.42753e-05,0.00010689,1.06135e-08,157,156,TAK,2.76112e-06,1.3811e-05,2.44126e-10,157,156,TAK,-1.07047,0.5351,0.877362,157,156,156,NIE
0.050000,56,0.871151,-0.434266,4.30962e-05,-0.000104044,1.00557e-08,137,136,TAK,-nan,-nan,-nan,137,136,NIE,1.07038,-0.535188,0.877361,137,136,136,NIE
0.050000,57,1.1193,-1.04796,1.74754,-0.87369,0.298638,156,155,NIE,-nan,-nan,-nan,156,155,NIE,1.07056,-0.535452,0.877362,156,155,155,NIE
0.050000,58,-1.5627,-0.127181,-1.74754,0.873689,0.298638,168,167,NIE,-1.74755,0.873756,0.298638,168,167,NIE,-1.74753,0.873593,0.298638,168,167,167,NIE
0.050000,59,-0.972692,0.563117,-4.20825e-05,0.000101596,9.58824e-09,123,122,TAK,-nan,-nan,-nan,123,122,NIE,-1.07036,0.535329,0.877362,123,122,122,NIE
0.050000,60,1.19034,0.967303,4.18101e-05,-0.000100938,9.46443e-09,177,176,TAK,1.74755,-0.873792,0.298638,177,176,NIE,1.07056,-0.535091,0.877362,177,176,176,NIE
0.050000,61,0.365817,0.0379808,4.272e-05,-0.000103134,9.88078e-09,146,145,TAK,3.31975e-06,-2.43139e-05,5.3249e-10,146,145,TAK,0.000178888,4.0602e-05,7.29135e-08,146,145,145,TAK
0.050000,62,1.06157,-0.647935,1.74754,-0.873685,0.298638,126,125,NIE,-nan,-nan,-nan,126,125,NIE,1.07053,-0.535456,0.877362,126,125,125,NIE
0.050000,63,0.561864,1.08824,-4.24548e-05,0.000102495,9.75865e-09,202,201,TAK,-1.02167e-05,2.23716e-05,4.80687e-10,202,201,TAK,-1.7477,0.873895,0.298639,202,201,201,NIE
0.050000,64,-1.48702,-1.32925,-1.74754,0.873688,0.298638,183,182,NIE,-1.74755,0.873792,0.298638,183,182,NIE,-1.74771,0.87367,0.298639,183,182,182,NIE
0.050000,65,-1.39198,1.20806,-1.74756,0.873864,0.298638,162,161,NIE,-1.74755,0.873793,0.298638,162,161,NIE,-1.07061,0.53544,0.877362,162,161,161,NIE
0.050000,66,-1.50933,-1.69967,-1.74754,0.873686,0.298638,186,185,NIE,-nan,-nan,-nan,186,185,NIE,-1.74754,0.873587,0.298638,186,185,185,NIE
0.050000,67,1.40426,-1.49108,1.74756,-0.873868,0.298638,168,167,NIE,1.74755,-0.873799,0.298638,168,167,NIE,1.0706,-0.535448,0.877362,168,167,167,NIE
0.050000,68,-0.505875,-1.83277,4.28977e-05,-0.000103564,9.96333e-09,182,181,TAK,9.20554e-06,-2.81711e-05,7.03765e-10,182,181,TAK,-3.12655e-05,-0.00017811,3.92471e-08,182,181,181,TAK
0.050000,69,-1.00435,0.918071,-4.34851e-05,0.000104982,1.0238e-08,150,149,TAK,nan,nan,nan,150,149,NIE,-1.07051,0.535455,0.877362,150,149,149,NIE
0.050000,70,-1.05805,0.18599,-4.41016e-05,0.000106471,1.05304e-08,148,147,TAK,-nan,-nan,-nan,148,147,NIE,-1.07054,0.535086,0.877362,148,147,147,NIE
0.050000,71,-1.07936,1.8131,-1.74756,0.873867,0.298638,173,172,NIE,-1.74755,0.873794,0.298638,173,172,NIE,-1.07054,0.535459,0.877362,173,172,172,NIE
0.050000,72,1.75172,-1.96006,1.74756,-0.873865,0.298638,170,169,NIE,1.74756,-0.873798,0.298638,170,169,NIE,1.74755,-0.873963,0.298638,170,169,169,NIE
0.050000,73,-1.23486,-1.81097,4.22995e-05,-0.00010212,9.68737e-09,185,184,TAK,-1.41638e-05,2.83271e-05,8.02431e-10,185,184,TAK,-1.07056,0.535084,0.877362,185,184,184,NIE
0.050000,74,-0.0872432,-0.207552,4.21835e-05,-0.00010184,9.63431e-09,139,138,TAK,7.73277e-06,-9.95439e-06,1.41706e-10,139,138,TAK,-7.28269e-05,-0.000175341,5.41213e-08,139,138,138,TAK
0.050000,75,0.752143,-0.896899,4.3117e-05,-0.000104094,1.00654e-08,154,153,TAK,1.23456e-05,-2.63485e-05,6.73782e-10,154,153,TAK,1.07045,-0.535427,0.877362,154,153,153,NIE
0.050000,76,-1.24025,-0.88204,-4.09439e-05,9.88472e-05,9.07639e-09,175,174,TAK,nan,nan,nan,175,174,NIE,-1.07056,0.535083,0.877362,175,174,174,NIE
0.050000,77,1.14108,1.82132,-4.19883e-05,0.000101369,9.54534e-09,185,184,TAK,-1.13977e-05,1.27945e-05,2.77687e-10,185,184,TAK,1.07055,-0.535083,0.877362,185,184,184,NIE
0.050000,78,0.470025,-0.297054,4.41798e-05,-0.00010666,1.05678e-08,151,150,TAK,2.99269e-07,-1.43992e-05,2.03206e-10,151,150,TAK,0.000154167,-0.000105347,4.23919e-08,151,150,150,TAK
0.050000,79,0.909562,0.983004,-4.1851e-05,0.000101037,9.48303e-09,177,176,TAK,-9.24962e-06,2.92242e-05,7.54851e-10,177,176,TAK,1.07052,-0.53509,0.877362,177,176,176,NIE
0.050000,80,0.373692,1.51758,-4.26307e-05,0.00010292,9.83965e-09,177,176,TAK,-6.78703e-06,2.67553e-05,6.26385e-10,177,176,TAK,3.69365e-05,0.000186144,4.42538e-08,177,176,176,TAK
0.050000,81,0.19106,0.864359,-4.376e-05,0.000105646,1.03679e-08,166,165,TAK,-6.08615e-06,2.35909e-05,4.87035e-10,166,165,TAK,3.84307e-05,0.000183374,4.36269e-08,166,165,165,TAK
0.050000,82,1.8179,-0.404682,1.74754,-0.873682,0.298638,154,153,NIE,1.74755,-0.873755,0.298638,154,153,NIE,1.74759,-0.873596,0.298638,154,153,153,NIE
0.050000,83,1.37328,-0.68797,1.74754,-0.873683,0.298638,145,144,NIE,1.74755,-0.873758,0.298638,145,144,NIE,1.07071,-0.535355,0.877361,145,144,144,NIE
0.050000,84,-0.237454,-1.63107,4.09694e-05,-9.8909e-05,9.08773e-09,178,177,TAK,2.80297e-06,-2.06566e-05,3.84507e-10,178,177,TAK,-2.51238e-05,-0.000186995,4.09276e-08,178,177,177,TAK
0.050000,85,-1.7699,0.704492,-1.74754,0.873684,0.298638,134,133,NIE,-1.74755,0.873752,0.298638,134,133,NIE,-1.74758,0.873593,0.298638,134,133,133,NIE
0.050000,86,0.554915,-0.849261,4.32998e-05,-0.000104535,1.01509e-08,156,155,TAK,1.08327e-05,-1.92635e-05,3.97101e-10,156,155,TAK,-4.47919e-05,-0.000179164,4.41376e-08,156,155,155,TAK
0.050000,87,0.517589,0.306639,-4.17845e-05,0.000100887,9.45462e-09,156,155,TAK,-1.51615e-06,1.37739e-05,1.73434e-10,156,155,TAK,0.000116354,0.000141138,6.34186e-08,156,155,155,TAK
0.050000,88,-0.809323,1.28273,-4.33667e-05,0.000104696,1.01824e-08,164,163,TAK,1.09528e-05,-1.73722e-05,3.51445e-10,164,163,TAK,-1.07049,0.535451,0.877362,164,163,163,NIE
0.050000,89,0.495665,1.10343,-4.15939e-05,0.000100417,9.36687e-09,173,172,TAK,-1.0086e-05,2.40537e-05,5.39428e-10,173,172,TAK,4.99393e-05,0.00017419,4.40289e-08,173,172,172,TAK
0.050000,90,-0.924823,-0.752193,4.28571e-05,-0.000103469,9.94489e-09,173,172,TAK,-4.83473e-06,2.51943e-05,5.59692e-10,173,172,TAK,-1.07052,0.535082,0.877362,173,172,172,NIE
0.050000,91,-1.79347,-0.165072,-1.74754,0.87369,0.298638,169,168,NIE,-1.74755,0.873755,0.298638,169,168,NIE,-1.74756,0.873589,0.298638,169,168,168,NIE
0.050000,92,0.365767,1.34762,-4.40364e-05,0.000106313,1.04993e-08,175,174,TAK,-5.92614e-06,2.4619e-05,5.30439e-10,175,174,TAK,4.04138e-05,0.000183376,4.43041e-08,175,174,174,TAK
0.050000,93,-0.343754,-1.16421,4.43124e-05,-0.00010698,1.06313e-08,173,172,TAK,9.55588e-06,-2.83373e-05,7.14844e-10,173,172,TAK,-4.30709e-05,-0.000175387,4.20247e-08,173,172,172,TAK
0.050000,94,-0.949437,-1.43419,4.38188e-05,-0.000105788,1.03958e-08,182,181,TAK,1.22997e-05,-1.6761e-05,3.77339e-10,182,181,TAK,-1.07053,0.535089,0.877362,182,181,181,NIE
0.050000,95,1.8188,1.42426,1.74754,-0.873686,0.298638,185,184,NIE,-nan,-nan,-nan,185,184,NIE,1.74756,-0.873594,0.298638,185,184,184,NIE
0.050000,96,-1.91661,0.00985583,-1.74754,0.873689,0.298638,166,165,NIE,-1.74755,0.873756,0.298638,166,165,NIE,-1.74761,0.873604,0.298639,166,165,165,NIE
0.050000,97,0.288614,1.90129,-4.39982e-05,0.000106221,1.04811e-08,181,180,TAK,-8.81236e-06,2.82148e-05,7.02749e-10,181,180,TAK,2.52225e-05,0.000187407,4.11205e-08,181,180,180,TAK
0.050000,98,1.60517,-0.338107,1.74754,-0.873683,0.298638,156,155,NIE,1.74755,-0.873755,0.298638,156,155,NIE,1.74752,-0.873596,0.298638,156,155,155,NIE
0.050000,99,-0.78668,-0.63228,4.29855e-05,-0.000103777,1.00043e-08,171,170,TAK,-7.98894e-07,-1.42327e-05,2.15217e-10,171,170,TAK,-1.07051,0.535085,0.877362,171,170,170,NIE
0.050000,100,0.0308184,-0.556579,4.42046e-05,-0.000106719,1.05796e-08,157,156,TAK,2.20847e-06,-1.59986e-05,2.30378e-10,157,156,TAK,1.03076e-05,-0.000186378,3.30282e-08,157,156,156,TAK
0.250000,1,-1.92779,-1.41427,-5.20833e-06,1.2574e-05,1.4687e-10,41,40,TAK,-1.4716e-06,2.12504e-06,5.71979e-12,41,40,TAK,-1.74756,0.873754,0.298638,41,40,40,NIE
0.250000,2,0.59416,0.589801,-4.94502e-06,1.19383e-05,1.32395e-10,37,36,TAK,-5.91762e-07,5.08516e-06,2.355e-11,37,36,TAK,1.74755,-0.873746,0.298638,37,36,36,NIE
0.250000,3,0.892372,1.78484,-5.33363e-06,1.28765e-05,1.54021e-10,41,40,TAK,-5.14292e-08,-3.56057e-06,1.28661e-11,41,40,TAK,1.07054,-0.535248,0.877362,41,40,40,NIE
0.250000,4,-0.127469,-0.611963,4.94242e-06,-1.19321e-05,1.32256e-10,36,35,TAK,1.1709e-06,-2.62221e-06,6.54767e-12,36,35,TAK,-5.24132e-06,-2.60143e-05,8.68037e-10,36,35,35,TAK
0.250000,5,0.888271,0.947708,-4.60453e-06,1.11163e-05,1.14791e-10,39,38,TAK,1.50015e-08,-2.05676e-06,4.19986e-12,39,38,TAK,1.07054,-0.535245,0.877362,39,38,38,NIE
0.250000,6,0.635844,1.09481,-3.53218e-06,8.52744e-06,6.75493e-11,39,38,TAK,-5.9627e-07,2.84541e-06,7.11082e-12,39,38,TAK,1.07054,-0.535246,0.877362,39,38,38,NIE
0.250000,7,-1.21736,-0.998389,-3.82787e-06,9.2413e-06,7.93323e-11,39,38,TAK,nan,nan,nan,39,38,NIE,-1.07054,0.535244,0.877362,39,38,38,NIE
0.250000,8,0.442423,0.438882,-4.72885e-06,1.14165e-05,1.21073e-10,36,35,TAK,-9.22601e-07,2.64538e-06,6.25981e-12,36,35,TAK,1.03489e-05,2.27992e-05,9.69951e-10,36,35,35,TAK
0.250000,9,-0.162597,1.49299,-5.33935e-06,1.28903e-05,1.54352e-10,39,38,TAK,-8.6285e-07,4.18891e-06,1.54216e-11,39,38,TAK,-2.7662e-06,2.66218e-05,6.50381e-10,39,38,38,TAK
0.250000,10,1.00469,-0.343802,5.71821e-06,-1.3805e-05,1.77033e-10,32,31,TAK,nan,nan,nan,32,31,NIE,1.07053,-0.535246,0.877362,32,31,31,NIE
0.250000,11,0.917241,1.08808,-4.87307e-06,1.17646e-05,1.2857e-10,39,38,TAK,-1.34668e-09,-2.21916e-06,4.92768e-12,39,38,TAK,1.07054,-0.535242,0.877362,39,38,38,NIE
0.250000,12,1.66605,-0.794146,1.83093,-0.849279,0.349911,29,28,NIE,-nan,-nan,-nan,29,28,NIE,1.74753,-0.873754,0.298638,29,28,28,NIE
0.250000,13,0.989366,1.27123,-5.16837e-06,1.24776e-05,1.44625e-10,40,39,TAK,1.2798e-08,-2.37376e-06,5.60469e-12,40,39,TAK,1.07054,-0.535247,0.877362,40,39,39,NIE
0.250000,14,0.867747,-1.79731,1.84044,-0.797415,0.372863,39,38,NIE,-nan,-nan,-nan,39,38,NIE,1.07054,-0.535294,0.877362,39,38,38,NIE
0.250000,15,-1.36105,-1.10143,-1.67273,0.779397,0.330325,40,39,NIE,nan,nan,nan,40,39,NIE,-1.07055,0.535249,0.877362,40,39,39,NIE
0.250000,16,-0.353894,-1.28884,3.67232e-06,-8.86577e-06,7.30158e-11,39,38,TAK,1.55404e-06,-5.5489e-06,2.69971e-11,39,38,TAK,-4.80672e-06,-2.38025e-05,7.27182e-10,39,38,38,TAK
0.250000,17,-0.515701,-1.75973,4.84844e-06,-1.17052e-05,1.27274e-10,40,39,TAK,1.29244e-06,-2.04425e-06,4.87768e-12,40,39,TAK,1.98295e-06,-2.80448e-05,7.38764e-10,40,39,39,TAK
0.250000,18,1.30096,-1.62333,1.62131,-0.763218,0.374342,38,37,NIE,-nan,-nan,-nan,38,37,NIE,1.07055,-0.535297,0.877362,38,37,37,NIE
0.250000,19,-1.9749,-0.826508,-3.92844e-06,9.48408e-06,8.35554e-11,39,38,TAK,-2.50249e-06,3.89048e-06,1.79249e-11,39,38,TAK,-1.74756,0.873748,0.298638,39,38,38,NIE
0.250000,20,-0.235292,0.913375,-5.53986e-06,1.33744e-05,1.66162e-10,37,36,TAK,-9.64218e-07,3.31359e-06,9.64431e-12,37,36,TAK,-6.71619e-06,2.86494e-05,7.18585e-10,37,36,36,TAK
0.250000,21,-1.8788,-1.59945,-5.08265e-06,1.22706e-05,1.39867e-10,41,40,TAK,-1.40687e-06,2.50866e-06,6.72258e-12,41,40,TAK,-1.74755,0.873752,0.298638,41,40,40,NIE
0.250000,22,0.00818056,-1.09616,3.63085e-06,-8.76565e-06,7.13761e-11,38,37,TAK,1.05857e-06,-4.33374e-06,1.64349e-11,38,37,TAK,1.94983e-07,-2.61302e-05,6.77767e-10,38,37,37,TAK
0.250000,23,-0.597837,-1.5494,3.77617e-06,-9.11647e-06,7.72036e-11,40,39,TAK,1.02204e-06,-4.71226e-06,1.94784e-11,40,39,TAK,-1.07054,0.535247,0.877362,40,39,39,NIE
0.250000,24,1.34272,1.23957,4.28537e-06,-1.03458e-05,9.94288e-11,40,39,TAK,nan,nan,nan,40,39,NIE,1.07055,-0.535247,0.877362,40,39,39,NIE
0.250000,25,1.94359,0.347408,4.64887e-06,-1.12234e-05,1.17012e-10,38,37,TAK,3.35484e-07,-1.2935e-06,1.46429e-12,38,37,TAK,1.74756,-0.873749,0.298638,38,37,37,NIE
0.250000,26,-1.10424,0.860829,-1.66266,0.770969,0.338211,34,33,NIE,-nan,-nan,-nan,34,33,NIE,-1.07054,0.535296,0.877362,34,33,33,NIE
0.250000,27,-0.564517,-1.43818,3.52518e-06,-8.51055e-06,6.7282e-11,103,102,TAK,1.09287e-06,-4.86472e-06,2.07377e-11,103,102,TAK,-1.74758,0.873789,0.298638,103,102,102,NIE
0.250000,28,-1.93332,-1.57515,4.12546e-06,-9.95974e-06,9.21468e-11,41,40,TAK,-7.54463e-07,1.09444e-06,1.51051e-12,41,40,TAK,-1.74756,0.873752,0.298638,41,40,40,NIE
0.250000,29,1.83305,0.934431,5.12357e-06,-1.23694e-05,1.42128e-10,40,39,TAK,-nan,-nan,-nan,40,39,NIE,1.74755,-0.873752,0.298638,40,39,39,NIE
0.250000,30,-1.37247,-1.52801,-4.17113e-06,1.007e-05,9.41981e-11,40,39,TAK,nan,nan,nan,40,39,NIE,-1.07055,0.535243,0.877362,40,39,39,NIE
0.250000,31,1.833,0.273641,1.84553,-0.804166,0.379088,38,37,NIE,-nan,-nan,-nan,38,37,NIE,1.74756,-0.873749,0.298638,38,37,37,NIE
0.250000,32,-0.816847,-0.682704,-3.81183e-06,9.20257e-06,7.86688e-11,38,37,TAK,-3.12926e-09,3.90803e-06,1.52605e-11,38,37,TAK,-1.07054,0.535243,0.877362,38,37,37,NIE
0.250000,33,0.513907,-1.51589,4.02744e-06,-9.7231e-06,8.78201e-11,38,37,TAK,5.90222e-07,-3.13133e-06,8.65379e-12,38,37,TAK,-2.90188e-06,-2.85593e-05,9.15349e-10,38,37,37,TAK
0.250000,34,-0.306032,0.539011,-3.67507e-06,8.87241e-06,7.31252e-11,36,35,TAK,-1.15615e-06,2.13771e-06,4.77164e-12,36,35,TAK,-1.06983e-05,2.1707e-05,4.67871e-10,36,35,35,TAK
0.250000,35,-0.342393,1.45868,-5.62703e-06,1.35849e-05,1.71433e-10,39,38,TAK,-8.31821e-07,4.63207e-06,1.89869e-11,39,38,TAK,-4.7558e-06,2.53959e-05,5.6941e-10,39,38,38,TAK
0.250000,36,-0.547615,-0.221194,-4.66826e-06,1.12702e-05,1.1799e-10,36,35,TAK,-2.48843e-06,2.9833e-06,1.38609e-11,36,35,TAK,1.07055,-0.535298,0.877362,36,35,35,NIE
0.250000,37,1.85923,1.46057,4.53905e-06,-1.09582e-05,1.11549e-10,41,40,TAK,-1.38524e-06,4.03055e-06,1.44998e-11,41,40,TAK,1.74755,-0.873753,0.298638,41,40,40,NIE
0.250000,38,0.682642,-0.73861,4.43679e-06,-1.07114e-05,1.06579e-10,34,33,TAK,1.71472e-06,-2.86447e-06,9.17393e-12,34,33,TAK,1.07053,-0.535294,0.877362,34,33,33,NIE
0.250000,39,1.91117,0.0253592,4.67521e-06,-1.1287e-05,1.18342e-10,37,36,TAK,-nan,-nan,-nan,37,36,NIE,1.74756,-0.873749,0.298638,37,36,36,NIE
0.250000,40,-1.49904,1.85476,-3.51977e-06,8.49747e-06,6.70754e-11,42,41,TAK,-nan,-nan,-nan,42,41,NIE,-1.74757,0.873795,0.298638,42,41,41,NIE
0.250000,41,-1.62723,-0.60328,-1.88523,0.833242,0.450766,39,38,NIE,-nan,-nan,-nan,39,38,NIE,-1.74755,0.87375,0.298638,39,38,38,NIE
0.250000,42,0.715587,-0.19175,4.19329e-06,-1.01235e-05,9.52017e-11,34,33,TAK,1.58587e-06,-2.15239e-06,6.24933e-12,34,33,TAK,1.07053,-0.535251,0.877362,34,33,33,NIE
0.250000,43,-0.0414622,0.782271,-4.30379e-06,1.03903e-05,1.00285e-10,37,36,TAK,-8.14746e-07,2.96941e-06,7.72572e-12,37,36,TAK,-1.31368e-06,2.48614e-05,5.88883e-10,37,36,36,TAK
0.250000,44,0.233099,-0.208416,4.57527e-06,-1.10457e-05,1.13336e-10,33,32,TAK,1.68732e-06,-2.85112e-06,9.01225e-12,33,32,TAK,2.10735e-05,-1.9765e-05,8.62325e-10,33,32,32,TAK
0.250000,45,-0.283298,0.860634,-5.39453e-06,1.30236e-05,1.57559e-10,37,36,TAK,-1.06973e-06,3.30423e-06,9.67194e-12,37,36,TAK,-7.6624e-06,2.66833e-05,6.24963e-10,37,36,36,TAK
0.250000,46,0.263577,-0.450301,5.06125e-06,-1.22189e-05,1.38692e-10,35,34,TAK,2.44043e-06,-4.66421e-06,2.22836e-11,35,34,TAK,1.29802e-05,-2.44875e-05,6.18757e-10,35,34,34,TAK
0.250000,47,-0.865725,1.44673,-4.59959e-06,1.11044e-05,1.14545e-10,38,37,TAK,-nan,-nan,-nan,38,37,NIE,-1.07054,0.535293,0.877362,38,37,37,NIE
0.250000,48,0.866995,1.64818,-4.81003e-06,1.16124e-05,1.25265e-10,40,39,TAK,-5.38742e-08,-2.94725e-06,8.85089e-12,40,39,TAK,1.07054,-0.535242,0.877362,40,39,39,NIE
0.250000,49,1.93085,-1.43904,1.27207,-0.878245,0.847256,37,36,NIE,-nan,-nan,-nan,37,36,NIE,1.74756,-0.873796,0.298638,37,36,36,NIE
0.250000,50,0.187193,-0.411548,4.35631e-06,-1.05171e-05,1.02748e-10,35,34,TAK,1.94676e-06,-4.43238e-06,1.8597e-11,35,34,TAK,9.89758e-06,-2.29145e-05,4.94199e-10,35,34,34,TAK
0.250000,51,-1.98036,1.63958,-1.39523,0.845166,0.678938,38,37,NIE,-nan,-nan,-nan,38,37,NIE,-1.74756,0.873797,0.298638,38,37,37,NIE
0.250000,52,1.36726,1.87887,4.20659e-06,-1.01556e-05,9.58068e-11,41,40,TAK,4.08235e-07,-2.11673e-06,3.94972e-12,41,40,TAK,1.07054,-0.535247,0.877362,41,40,40,NIE
0.250000,53,1.10014,0.0498998,4.31112e-06,-1.0408e-05,1.00627e-10,36,35,TAK,nan,nan,nan,36,35,NIE,1.07054,-0.535246,0.877362,36,35,35,NIE
0.250000,54,-0.859744,1.01131,-5.70431e-06,1.37714e-05,1.76174e-10,35,34,TAK,-9.41905e-07,3.7603e-06,1.23724e-11,35,34,TAK,-1.07053,0.535299,0.877362,35,34,34,NIE
0.250000,55,-1.92474,-0.358788,-3.58399e-06,8.65252e-06,6.95455e-11,38,37,TAK,-nan,-nan,-nan,38,37,NIE,-1.74756,0.873748,0.298638,38,37,37,NIE
0.250000,56,0.866071,-1.55197,4.19085e-06,-1.01176e-05,9.50911e-11,38,37,TAK,nan,nan,nan,38,37,NIE,1.07054,-0.535296,0.877362,38,37,37,NIE
0.250000,57,1.03793,-0.418342,5.62566e-06,-1.35815e-05,1.71349e-10,30,29,TAK,-nan,-nan,-nan,30,29,NIE,1.07053,-0.535243,0.877362,30,29,29,NIE
0.250000,58,0.256276,-1.00353,3.6987e-06,-8.92946e-06,7.40687e-11,38,37,TAK,1.00484e-06,-3.58454e-06,1.12664e-11,38,37,TAK,5.36816e-06,-2.35515e-05,4.85881e-10,38,37,37,TAK
0.250000,59,-1.63607,-1.51062,-1.8645,0.789436,0.416703,41,40,NIE,-nan,-nan,-nan,41,40,NIE,-1.74755,0.873752,0.298638,41,40,40,NIE
0.250000,60,0.788053,0.0806312,5.55857e-06,-1.34196e-05,1.67287e-10,36,35,TAK,-2.32051e-06,3.79862e-06,1.63843e-11,36,35,TAK,1.07053,-0.535247,0.877362,36,35,35,NIE
0.250000,61,1.35001,-0.94837,1.37514,-0.848567,0.707491,35,34,NIE,-nan,-nan,-nan,35,34,NIE,1.07056,-0.535293,0.877362,35,34,34,NIE
0.250000,62,1.63033,-1.51572,4.09829e-06,-9.89414e-06,9.09369e-11,36,35,TAK,-nan,-nan,-nan,36,35,NIE,1.74755,-0.873804,0.298638,36,35,35,NIE
0.250000,63,-1.50164,0.497325,-1.33761,0.859216,0.760671,40,39,NIE,-nan,-nan,-nan,40,39,NIE,-1.74758,0.873784,0.298638,40,39,39,NIE
0.250000,64,-1.86753,-1.57079,-4.66077e-06,1.12521e-05,1.17612e-10,41,40,TAK,6.58297e-07,-2.70221e-06,6.38978e-12,41,40,TAK,-1.74755,0.873752,0.298638,41,40,40,NIE
0.250000,65,1.05829,0.319659,5.22647e-06,-1.26178e-05,1.47895e-10,37,36,TAK,-nan,-nan,-nan,37,36,NIE,1.07054,-0.535244,0.877362,37,36,36,NIE
0.250000,66,0.0176589,1.07793,-3.53128e-06,8.52527e-06,6.7515e-11,38,37,TAK,-1.10307e-06,4.34324e-06,1.65063e-11,38,37,TAK,4.20709e-07,2.56955e-05,6.71425e-10,38,37,37,TAK
0.250000,67,-0.0407626,-0.615083,5.3025e-06,-1.28014e-05,1.52229e-10,36,35,TAK,8.21249e-07,-2.60715e-06,6.00503e-12,36,35,TAK,-1.7222e-06,-2.60688e-05,7.30412e-10,36,35,35,TAK
0.250000,68,0.956792,-0.940618,4.11777e-06,-9.94117e-06,9.18035e-11,35,34,TAK,-nan,-nan,-nan,35,34,NIE,1.07054,-0.535294,0.877362,35,34,34,NIE
0.250000,69,1.43482,-1.90295,4.30006e-06,-1.03813e-05,1.00112e-10,39,38,TAK,-nan,-nan,-nan,39,38,NIE,1.07054,-0.535294,0.877362,39,38,38,NIE
0.250000,70,-1.92931,1.51008,-1.66436,0.763297,0.338,37,36,NIE,nan,nan,nan,37,36,NIE,-1.74756,0.873799,0.298638,37,36,36,NIE
0.250000,71,-0.261741,0.936766,-5.75884e-06,1.39031e-05,1.79558e-10,38,37,TAK,-1.02596e-06,3.44079e-06,1.04141e-11,38,37,TAK,-5.44927e-06,2.19354e-05,4.21021e-10,38,37,37,TAK
0.250000,72,1.9581,-1.22381,1.26562,-0.885468,0.857909,36,35,NIE,-nan,-nan,-nan,36,35,NIE,1.74757,-0.873795,0.298638,36,35,35,NIE
0.250000,73,-1.48158,0.214378,-1.82541,0.839748,0.344456,53,52,NIE,-nan,-nan,-nan,53,52,NIE,1.74758,-0.87379,0.298638,53,52,52,NIE
0.250000,74,-0.22734,-1.11765,5.545e-06,-1.33868e-05,1.66471e-10,38,37,TAK,1.48742e-06,-4.92673e-06,2.13694e-11,38,37,TAK,-4.90408e-06,-2.68999e-05,9.03622e-10,38,37,37,TAK
0.250000,75,0.703753,-1.43929,5.11968e-06,-1.236e-05,1.41912e-10,38,37,TAK,-1.31035e-06,2.00675e-06,4.83155e-12,38,37,TAK,1.07054,-0.535295,0.877362,38,37,37,NIE
0.250000,76,0.962985,0.0537625,4.3461e-06,-1.04924e-05,1.02267e-10,36,35,TAK,1.9085e-06,-2.65561e-06,9.26878e-12,36,35,TAK,1.07054,-0.535246,0.877362,36,35,35,NIE
0.250000,77,-0.387657,0.593315,-4.28516e-06,1.03453e-05,9.94192e-11,36,35,TAK,-1.37171e-06,2.25929e-06,5.76848e-12,36,35,TAK,-1.1517e-05,2.26881e-05,5.18733e-10,36,35,35,TAK
0.250000,78,0.538047,0.110704,5.27875e-06,-1.2744e-05,1.50868e-10,34,33,TAK,9.86265e-07,-1.36064e-06,2.45483e-12,34,33,TAK,-1.07054,0.535298,0.877362,34,33,33,NIE
0.250000,79,-0.90936,0.670513,-4.8679e-06,1.17522e-05,1.28298e-10,32,31,TAK,-nan,-nan,-nan,32,31,NIE,-1.07052,0.535291,0.877362,32,31,31,NIE
0.250000,80,0.539911,-1.85107,5.30939e-06,-1.2818e-05,1.52625e-10,40,39,TAK,2.27189e-06,-7.53107e-06,4.99302e-11,40,39,TAK,-1.07054,0.535248,0.877362,40,39,39,NIE
0.250000,81,-1.00983,-1.44243,5.13995e-06,-1.24089e-05,1.43039e-10,40,39,TAK,8.90799e-09,2.41633e-06,5.86032e-12,40,39,TAK,-1.07054,0.535245,0.877362,40,39,39,NIE
0.250000,82,1.22685,0.949409,4.7016e-06,-1.13507e-05,1.19682e-10,39,38,TAK,-nan,-nan,-nan,39,38,NIE,1.07055,-0.535245,0.877362,39,38,38,NIE
0.250000,83,-0.0575134,0.183646,-5.00796e-06,1.20903e-05,1.35786e-10,32,31,TAK,-2.44084e-06,4.89263e-06,2.39111e-11,32,31,TAK,-7.65655e-06,2.45736e-05,5.32957e-10,32,31,31,TAK
0.250000,84,-1.99121,-0.622697,-4.8819e-06,1.1786e-05,1.29037e-10,39,38,TAK,-2.04694e-06,4.05477e-06,1.65212e-11,39,38,TAK,-1.74756,0.873752,0.298638,39,38,38,NIE
0.250000,85,0.280693,-1.92051,4.53268e-06,-1.09429e-05,1.11236e-10,40,39,TAK,-3.03083e-06,5.36151e-06,3.08678e-11,40,39,TAK,3.21347e-06,-2.54766e-05,5.87842e-10,40,39,39,TAK
0.250000,86,-1.11262,-1.98105,5.79449e-06,-1.39891e-05,1.81788e-10,41,40,TAK,2.35885e-09,2.12445e-06,4.5183e-12,41,40,TAK,-1.07054,0.535246,0.877362,41,40,40,NIE
0.250000,87,1.01625,-1.15452,1.32611,-0.867836,0.778649,36,35,NIE,-nan,-nan,-nan,36,35,NIE,1.07054,-0.535297,0.877362,36,35,35,NIE
0.250000,88,-1.20486,1.53468,-5.61667e-06,1.35598e-05,1.70802e-10,38,37,TAK,-nan,-nan,-nan,38,37,NIE,-1.07055,0.535295,0.877362,38,37,37,NIE
0.250000,89,1.05986,0.567803,3.56095e-06,-8.59689e-06,6.86542e-11,38,37,TAK,-3.44467e-07,1.8857e-06,3.14361e-12,38,37,TAK,1.07054,-0.535245,0.877362,38,37,37,NIE
0.250000,90,-1.58297,-0.236388,-1.74897,0.818639,0.301769,38,37,NIE,-nan,-nan,-nan,38,37,NIE,-1.74755,0.873751,0.298638,38,37,37,NIE
0.250000,91,1.12852,1.38002,4.87087e-06,-1.17593e-05,1.28454e-10,40,39,TAK,1.26273e-06,-3.5624e-06,1.13813e-11,40,39,TAK,1.07054,-0.535245,0.877362,40,39,39,NIE
0.250000,92,1.81738,-1.25914,1.49715,-0.856567,0.535766,35,34,NIE,nan,nan,nan,35,34,NIE,1.74756,-0.873798,0.298638,35,34,34,NIE
0.250000,93,-0.0266695,0.355422,-5.34805e-06,1.29113e-05,1.54855e-10,34,33,TAK,-1.13565e-06,3.48743e-06,1.07811e-11,34,33,TAK,-2.00665e-06,2.67759e-05,6.71273e-10,34,33,33,TAK
0.250000,94,0.851563,1.06397,-4.66025e-06,1.12508e-05,1.17585e-10,39,38,TAK,-4.21099e-08,-1.68941e-06,2.92878e-12,39,38,TAK,1.07054,-0.535243,0.877362,39,38,38,NIE
0.250000,95,-0.974066,-0.608527,-4.91026e-06,1.18544e-05,1.3054e-10,38,37,TAK,-1.15984e-06,4.5877e-06,1.84164e-11,38,37,TAK,-1.07054,0.535244,0.877362,38,37,37,NIE
0.250000,96,1.2129,0.0161064,1.5862,-0.846561,0.41357,36,35,NIE,-nan,-nan,-nan,36,35,NIE,1.07055,-0.535248,0.877362,36,35,35,NIE
0.250000,97,-0.0509572,0.439753,-4.06683e-06,9.8182e-06,8.95464e-11,35,34,TAK,-1.33095e-06,4.1903e-06,1.55244e-11,35,34,TAK,-2.86564e-06,2.48412e-05,5.62321e-10,35,34,34,TAK
0.250000,98,-1.03448,1.89153,-1.71119,0.829006,0.306557,39,38,NIE,-nan,-nan,-nan,39,38,NIE,-1.07054,0.535295,0.877362,39,38,38,NIE
0.250000,99,-1.3766,-1.02569,-1.6791,0.77268,0.327201,39,38,NIE,-nan,-nan,-nan,39,38,NIE,-1.07055,0.535243,0.877362,39,38,38,NIE
0.250000,100,-0.731167,0.904092,-5.67037e-06,1.36895e-05,1.74084e-10,35,34,TAK,8.88886e-07,-3.75436e-06,1.23383e-11,35,34,TAK,-1.07053,0.535296,0.877362,35,34,34,NIE
Zmienny,1,-0.946207,0.156212,8.34025e-07,1.38937e-06,4.48032e-12,3,2,TAK,-8.93382e-06,1.63339e-05,2.80499e-10,3,2,TAK,-1.08195,0.540974,0.877076,3,2,2,NIE
Zmienny,2,0.923044,-1.92995,1.74755,-0.873769,0.298638,3,2,NIE,1.74755,-0.873738,0.298638,3,2,NIE,1.08879,-0.544404,0.876631,3,2,2,NIE
Zmienny,3,1.00169,1.71819,-1.93794e-07,-4.99527e-06,2.59959e-11,3,2,TAK,6.36867e-08,-1.72034e-07,2.67514e-14,3,2,TAK,1.07302,-0.536497,0.877348,3,2,2,NIE
Zmienny,4,1.60472,0.0615524,1.74755,-0.873776,0.298638,6,5,NIE,1.74755,-0.873762,0.298638,6,5,NIE,1.74755,-0.873776,0.298638,6,5,5,NIE
Zmienny,5,0.285991,-1.97825,6.86783e-07,-5.21924e-06,2.45993e-11,5,4,TAK,5.58488e-08,-8.9929e-07,7.64737e-13,5,4,TAK,1.23079e-15,-6.97461e-15,4.30906e-29,5,4,4,TAK
Zmienny,6,1.82516,-0.585493,1.74755,-0.873771,0.298638,5,4,NIE,1.74755,-0.873776,0.298638,5,4,NIE,1.74755,-0.873776,0.298638,5,4,4,NIE
Zmienny,7,1.40177,1.64254,1.884e-06,-2.6904e-06,9.26845e-12,3,2,TAK,-9.43126e-06,1.67128e-05,2.99593e-10,3,2,TAK,0.761778,-0.380878,0.694513,3,2,2,NIE
Zmienny,8,0.155366,-0.624902,8.40572e-07,-3.46894e-06,1.05308e-11,4,3,TAK,3.36811e-08,-6.17644e-08,4.00338e-15,4,3,TAK,9.14521e-13,-3.59283e-12,1.12954e-23,4,3,3,TAK
Zmienny,9,-0.00203842,-0.993072,-9.47626e-09,-4.64277e-06,2.15995e-11,3,2,TAK,2.53964e-09,-5.41555e-09,2.84742e-17,3,2,TAK,5.0625e-14,-2.31438e-11,5.34469e-22,3,2,2,TAK
Zmienny,10,-1.56093,1.0239,-1.74755,0.873778,0.298638,5,4,NIE,-1.74755,0.873779,0.298638,5,4,NIE,-1.74755,0.873776,0.298638,5,4,4,NIE
Zmienny,11,0.398402,1.65197,7.7847e-07,4.03912e-06,2.06708e-11,5,4,TAK,2.61867e-08,-8.98793e-08,7.09614e-15,5,4,TAK,-2.02524e-12,2.03344e-12,8.21987e-24,5,4,4,TAK
Zmienny,12,-0.959998,-1.65256,1.88149e-06,-2.4768e-06,8.55446e-12,3,2,TAK,1.55792e-07,-5.012e-07,2.2166e-13,3,2,TAK,-1.07887,0.539424,0.87721,3,2,2,NIE
Zmienny,13,0.0917201,0.00551813,4.03431e-07,2.64596e-08,3.36887e-13,4,3,TAK,3.0792e-08,1.23266e-08,2.42779e-15,4,3,TAK,-6.24505e-15,2.38289e-14,4.97005e-28,4,3,3,TAK
Zmienny,14,-1.76103,0.715118,-1.74755,0.873762,0.298638,4,3,NIE,-1.74755,0.873775,0.298638,4,3,NIE,-1.74755,0.873776,0.298638,4,3,3,NIE
Zmienny,15,0.979825,-0.492193,2.25742e-06,-2.29418e-06,1.02762e-11,2,1,TAK,nan,nan,nan,2,1,NIE,0.979825,-0.492194,0.859792,2,1,1,NIE
Zmienny,16,-0.38079,-1.96638,1.55844e-06,-2.27689e-06,6.49332e-12,5,4,TAK,-5.74355e-07,-4.70446e-07,1.15129e-12,5,4,TAK,1.29888e-13,-3.0807e-13,8.86341e-26,5,4,4,TAK
Zmienny,17,1.66402,-1.45775,1.74755,-0.87379,0.298638,5,4,NIE,1.74755,-0.873777,0.298638,5,4,NIE,1.74755,-0.873776,0.298638,5,4,4,NIE
Zmienny,18,-1.89634,0.665712,-4.5691e-07,4.90726e-08,3.97519e-13,6,5,TAK,-1.03557e-06,2.10865e-06,4.40756e-12,6,5,TAK,-1.74755,0.873776,0.298638,6,5,5,NIE
Zmienny,19,-1.73956,1.70838,-4.75705e-07,2.5322e-06,5.66004e-12,4,3,TAK,-1.74755,0.873776,0.298638,4,3,NIE,-1.74755,0.873776,0.298638,4,3,3,NIE
Zmienny,20,-1.27274,0.546433,-1.74755,0.873764,0.298638,2,1,NIE,-1.74755,0.873761,0.298638,2,1,NIE,-1.27273,0.546433,0.796106,2,1,1,NIE
Zmienny,21,1.73014,-1.44757,1.74756,-0.873792,0.298638,4,3,NIE,1.74755,-0.873779,0.298638,4,3,NIE,1.74755,-0.873776,0.298638,4,3,3,NIE
Zmienny,22,1.96094,1.1319,-8.39578e-07,-1.06273e-06,3.43142e-12,6,5,TAK,4.08981e-07,-1.78344e-06,2.78579e-12,6,5,TAK,1.74755,-0.873776,0.298638,6,5,5,NIE
Zmienny,23,-1.80503,0.116306,-1.74755,0.873759,0.298638,5,4,NIE,-1.74755,0.873772,0.298638,5,4,NIE,-1.74755,0.873776,0.298638,5,4,4,NIE
Zmienny,24,-1.493,0.192931,-1.74755,0.873759,0.298638,5,4,NIE,-1.74755,0.873774,0.298638,5,4,NIE,-1.74755,0.873776,0.298638,5,4,4,NIE
Zmienny,25,1.12323,-1.05393,1.74755,-0.873758,0.298638,3,2,NIE,1.74756,-0.8738,0.298638,3,2,NIE,1.0708,-0.535462,0.877361,3,2,2,NIE
Zmienny,26,-0.783173,-0.478364,-1.25746e-06,2.17682e-06,5.16367e-12,3,2,TAK,4.63255e-07,-2.86221e-06,7.29553e-12,3,2,TAK,-1.21695,0.60847,0.830125,3,2,2,NIE
Zmienny,27,-1.40196,0.256829,-1.74755,0.873763,0.298638,3,2,NIE,-1.74755,0.873772,0.298638,3,2,NIE,-0.760524,0.38026,0.693174,3,2,2,NIE
Zmienny,28,-0.13092,0.689759,-7.60896e-07,4.08482e-06,1.47356e-11,4,3,TAK,-1.72286e-06,3.24854e-06,1.08927e-11,4,3,TAK,-1.2371e-13,6.55486e-13,3.7918e-25,4,3,3,TAK
Zmienny,29,-1.73765,0.108054,-1.74755,0.873762,0.298638,4,3,NIE,-1.74755,0.873776,0.298638,4,3,NIE,-1.74755,0.873776,0.298638,4,3,3,NIE
Zmienny,30,-0.595122,1.24217,-2.9522e-07,9.14545e-07,7.40711e-13,5,4,TAK,-4.00774e-06,4.09215e-06,3.24693e-11,5,4,TAK,-1.74755,0.873776,0.298638,5,4,4,NIE
Zmienny,31,1.61586,1.02409,1.74755,-0.873769,0.298638,6,5,NIE,1.74755,-0.87377,0.298638,6,5,NIE,1.74755,-0.873776,0.298638,6,5,5,NIE
Zmienny,32,1.27579,1.27988,7.05956e-07,-5.76005e-06,3.01086e-11,3,2,TAK,-3.67819e-06,1.80681e-05,2.87058e-10,3,2,TAK,1.04287,-0.521424,0.875696,3,2,2,NIE
Zmienny,33,1.56634,1.37945,1.74755,-0.87377,0.298638,7,6,NIE,1.74755,-0.87373,0.298638,7,6,NIE,1.74755,-0.873776,0.298638,7,6,6,NIE
Zmienny,34,-0.0544081,1.82678,-2.19697e-06,2.50398e-06,1.04221e-11,4,3,TAK,-3.04919e-07,5.12691e-07,2.92474e-13,4,3,TAK,8.37543e-15,-3.73642e-15,1.22962e-28,4,3,3,TAK
Zmienny,35,1.08784,0.672856,2.08295e-06,-2.42571e-06,9.50879e-12,3,2,TAK,-3.25834e-06,3.74839e-06,2.30705e-11,3,2,TAK,1.07061,-0.535298,0.877362,3,2,2,NIE
Zmienny,36,0.373218,0.817974,5.83933e-07,1.5833e-06,4.11334e-12,5,4,TAK,-5.76814e-08,7.01018e-08,7.52498e-15,5,4,TAK,-9.58737e-14,1.47131e-13,2.5925e-26,5,4,4,TAK
Zmienny,37,1.22529,0.334159,1.74755,-0.873769,0.298638,3,2,NIE,1.74758,-0.873954,0.298638,3,2,NIE,1.06231,-0.531148,0.877213,3,2,2,NIE
Zmienny,38,-0.0501209,1.42026,-2.12645e-06,2.39866e-06,9.69652e-12,4,3,TAK,-3.77815e-08,7.12316e-08,5.23758e-15,4,3,TAK,6.74148e-15,-2.90133e-15,7.97537e-29,4,3,3,TAK
Zmienny,39,-1.54954,0.456882,-1.74755,0.873761,0.298638,5,4,NIE,-1.74755,0.873776,0.298638,5,4,NIE,-1.74755,0.873776,0.298638,5,4,4,NIE
Zmienny,40,-0.386814,1.5737,-1.06028e-06,5.10581e-06,2.29041e-11,5,4,TAK,3.68904e-07,1.09765e-06,1.88196e-12,5,4,TAK,6.79667e-13,2.033e-13,1.1034e-24,5,4,4,TAK
Zmienny,41,1.40295,0.830014,1.74755,-0.873775,0.298638,3,2,NIE,1.74755,-0.873774,0.298638,3,2,NIE,0.753977,-0.376981,0.686132,3,2,2,NIE
Zmienny,42,-0.904665,-1.99901,2.56187e-06,-3.44203e-06,1.61559e-11,3,2,TAK,8.27314e-07,-5.73374e-07,1.22329e-12,3,2,TAK,-1.09601,0.547991,0.875938,3,2,2,NIE
Zmienny,43,-0.913157,0.964415,-2.42292e-07,8.01636e-07,5.65802e-13,3,2,TAK,5.59705e-07,8.07674e-06,7.03809e-11,3,2,TAK,-1.09246,0.54623,0.876308,3,2,2,NIE
Zmienny,44,0.690752,-0.65081,2.36223e-06,-3.30165e-06,1.42619e-11,4,3,TAK,-5.85579e-08,-5.58901e-07,3.51956e-13,4,3,TAK,1.74755,-0.873776,0.298638,4,3,3,NIE
Zmienny,45,-0.92753,-1.90437,2.01565e-06,-2.68317e-06,9.91675e-12,3,2,TAK,2.08776e-07,-1.27574e-06,1.44835e-12,3,2,TAK,-1.08729,0.543632,0.876747,3,2,2,NIE
Zmienny,46,-1.40864,-1.31167,-1.7597e-06,2.53456e-06,8.15699e-12,6,5,TAK,-nan,-nan,-nan,6,5,NIE,-5.38814e-12,2.69407e-12,5.08061e-23,6,5,5,TAK
Zmienny,47,1.11972,1.86715,4.47977e-06,-5.14702e-06,4.3571e-11,3,2,TAK,-2.20042e-06,5.96635e-06,3.21526e-11,3,2,TAK,1.0708,-0.535387,0.877361,3,2,2,NIE
Zmienny,48,1.96821,0.68606,3.13984e-07,-6.80374e-07,4.46454e-13,6,5,TAK,-5.55018e-08,1.43609e-07,1.88138e-14,6,5,TAK,1.74755,-0.873776,0.298638,6,5,5,NIE
Zmienny,49,1.24661,-0.0861981,1.74755,-0.873776,0.298638,3,2,NIE,1.74755,-0.87374,0.298638,3,2,NIE,1.05618,-0.528086,0.876912,3,2,2,NIE
Zmienny,50,0.512844,0.334444,5.45561e-07,6.25072e-07,1.327e-12,5,4,TAK,2.55335e-07,9.96747e-07,1.3784e-12,5,4,TAK,1.15762e-14,-2.17443e-15,2.47574e-28,5,4,4,TAK
Zmienny,51,-1.41334,-1.11394,-1.74755,0.873763,0.298638,5,4,NIE,-1.74755,0.873741,0.298638,5,4,NIE,-1.74755,0.873776,0.298638,5,4,4,NIE
Zmienny,52,-0.847582,1.81194,-1.74755,0.873776,0.298638,3,2,NIE,nan,nan,nan,3,2,NIE,-1.1325,0.566257,0.868899,3,2,2,NIE
Zmienny,53,1.22022,1.1023,6.84006e-07,-6.59969e-06,3.99774e-11,3,2,TAK,-4.32187e-06,9.53842e-06,8.71148e-11,3,2,TAK,1.06342,-0.531704,0.877251,3,2,2,NIE
Zmienny,54,1.2322,1.67069,5.62181e-07,-6.66922e-06,4.13613e-11,3,2,TAK,-7.39613e-07,4.90107e-06,2.14897e-11,3,2,TAK,1.06058,-0.530281,0.877145,3,2,2,NIE
Zmienny,55,-0.440821,-1.15461,1.64968e-06,-2.66595e-06,8.15218e-12,6,5,TAK,1.9812e-07,-2.35351e-07,8.72657e-14,6,5,TAK,6.45484e-16,-8.75707e-16,1.03491e-30,6,5,5,TAK
Zmienny,56,1.24439,-1.03787,1.74755,-0.873761,0.298638,3,2,NIE,1.74755,-0.873762,0.298638,3,2,NIE,1.05694,-0.52847,0.876958,3,2,2,NIE
Zmienny,57,1.6754,-1.66028,1.74756,-0.873792,0.298638,5,4,NIE,1.74755,-0.873777,0.298638,5,4,NIE,1.74755,-0.873776,0.298638,5,4,4,NIE
Zmienny,58,-1.03687,-1.23776,-4.39456e-06,5.47358e-06,4.45305e-11,3,2,TAK,-7.59931e-07,1.95996e-06,3.507e-12,3,2,TAK,-1.07099,0.535487,0.877361,3,2,2,NIE
Zmienny,59,1.30414,1.65388,7.04064e-07,-6.15707e-06,3.4566e-11,3,2,TAK,3.31256e-06,-8.61292e-06,6.75977e-11,3,2,TAK,1.02176,-0.510867,0.872215,3,2,2,NIE
Zmienny,60,0.111433,-1.6234,2.28791e-06,-2.41552e-06,1.07773e-11,4,3,TAK,-1.37278e-07,-5.39361e-07,4.02642e-13,4,3,TAK,2.85561e-14,-6.99182e-14,4.52286e-27,4,3,3,TAK
Zmienny,61,1.74951,0.702796,1.74755,-0.873774,0.298638,4,3,NIE,1.74755,-0.873763,0.298638,4,3,NIE,1.74755,-0.873776,0.298638,4,3,3,NIE
Zmienny,62,-0.935065,0.869224,-5.73091e-07,1.74159e-06,2.6919e-12,3,2,TAK,4.9259e-06,-1.52589e-05,2.062e-10,3,2,TAK,-1.08496,0.542482,0.876906,3,2,2,NIE
Zmienny,63,0.569949,-0.966855,1.15451e-08,5.51408e-09,3.60644e-16,5,4,TAK,1.58728e-06,-3.42376e-06,1.13266e-11,5,4,TAK,1.74755,-0.873776,0.298638,5,4,4,NIE
Zmienny,64,-0.444717,-0.183445,5.63908e-08,3.83632e-08,9.9949e-15,5,4,TAK,-5.40963e-09,1.15691e-07,1.28172e-14,5,4,TAK,-5.46894e-15,4.36796e-16,5.76207e-29,5,4,4,TAK
Zmienny,65,0.946947,-1.93187,1.74755,-0.873762,0.298638,3,2,NIE,1.74755,-0.873759,0.298638,3,2,NIE,1.08177,-0.540891,0.877085,3,2,2,NIE
Zmienny,66,-1.849,1.53361,-1.74755,0.873787,0.298638,5,4,NIE,-1.74755,0.873777,0.298638,5,4,NIE,-1.74755,0.873776,0.298638,5,4,4,NIE
Zmienny,67,-1.04581,-0.696583,1.20999e-07,4.75463e-06,2.3211e-11,3,2,TAK,-2.04811e-06,4.24505e-06,1.77156e-11,3,2,TAK,-1.07077,0.535377,0.877361,3,2,2,NIE
Zmienny,68,1.34555,-1.82559,1.74756,-0.873795,0.298638,3,2,NIE,1.74755,-0.873778,0.298638,3,2,NIE,0.965194,-0.482602,0.85378,3,2,2,NIE
Zmienny,69,-1.59429,0.57775,-1.74755,0.873765,0.298638,5,4,NIE,-1.74755,0.873776,0.298638,5,4,NIE,-1.74755,0.873776,0.298638,5,4,4,NIE
Zmienny,70,1.8451,-0.0351067,1.74755,-0.873762,0.298638,5,4,NIE,1.74755,-0.873762,0.298638,5,4,NIE,1.74755,-0.873776,0.298638,5,4,4,NIE
Zmienny,71,1.42314,1.08948,1.74755,-0.873758,0.298638,5,4,NIE,1.74755,-0.873799,0.298638,5,4,NIE,1.74755,-0.873776,0.298638,5,4,4,NIE
Zmienny,72,0.927026,1.09854,-3.30754e-07,-2.93574e-06,9.80836e-12,3,2,TAK,-9.95613e-08,7.83083e-07,5.55079e-13,3,2,TAK,1.08745,-0.543719,0.876735,3,2,2,NIE
Zmienny,73,1.4292,1.89015,6.94404e-07,-5.23259e-06,2.47109e-11,4,3,TAK,-5.72202e-06,1.43425e-05,1.89122e-10,4,3,TAK,1.57016e-11,3.39887e-11,2.18199e-21,4,3,3,TAK
Zmienny,74,1.86078,0.733338,7.28556e-07,-1.23075e-06,1.67967e-12,5,4,TAK,3.10219e-06,-7.5715e-06,5.30866e-11,5,4,TAK,1.74755,-0.873776,0.298638,5,4,4,NIE
Zmienny,75,1.54403,-0.0277888,1.74755,-0.873768,0.298638,6,5,NIE,1.74755,-0.87377,0.298638,6,5,NIE,1.74755,-0.873776,0.298638,6,5,5,NIE
Zmienny,76,1.10994,1.29353,1.48562e-07,-5.59811e-06,3.05513e-11,3,2,TAK,-1.69067e-06,1.4472e-06,5.36438e-12,3,2,TAK,1.07076,-0.535371,0.877361,3,2,2,NIE
Zmienny,77,-1.32499,-1.82512,-6.99107e-07,6.15492e-06,3.45576e-11,3,2,TAK,-1.96344e-06,4.15191e-06,1.67965e-11,3,2,TAK,-0.998318,0.499147,0.866156,3,2,2,NIE
Zmienny,78,0.162758,1.24496,-2.51161e-06,3.55421e-06,1.6322e-11,4,3,TAK,3.67315e-08,-1.40063e-07,1.71712e-14,4,3,TAK,4.76169e-13,3.13875e-12,1.17998e-23,4,3,3,TAK
Zmienny,79,-0.791977,1.71804,-1.97108e-07,6.45479e-06,4.04698e-11,3,2,TAK,-nan,-nan,-nan,3,2,NIE,-1.20131,0.600663,0.839633,3,2,2,NIE
Zmienny,80,-0.938489,-1.84503,-3.74677e-07,-5.41934e-06,3.16806e-11,3,2,TAK,1.04522e-07,-5.60245e-07,2.77166e-13,3,2,TAK,-1.08398,0.54198,0.876966,3,2,2,NIE
Zmienny,81,1.78617,-0.78749,1.74755,-0.873772,0.298638,5,4,NIE,1.74755,-0.873776,0.298638,5,4,NIE,1.74755,-0.873776,0.298638,5,4,4,NIE
Zmienny,82,1.68858,-1.25964,1.74756,-0.873794,0.298638,5,4,NIE,1.74755,-0.873776,0.298638,5,4,NIE,1.74755,-0.873776,0.298638,5,4,4,NIE
Zmienny,83,0.515927,1.03413,9.9082e-07,3.04639e-06,1.42624e-11,6,5,TAK,-7.90976e-08,4.78497e-07,2.03624e-13,6,5,TAK,-2.38467e-15,7.16445e-15,4.56178e-29,6,5,5,TAK
Zmienny,84,-1.08523,0.921641,-1.74755,0.87376,0.298638,3,2,NIE,-1.74756,0.873862,0.298638,3,2,NIE,-1.07059,0.5353,0.877362,3,2,2,NIE
Zmienny,85,-0.388124,-1.24013,2.82593e-06,-4.46121e-06,2.32671e-11,5,4,TAK,-4.56713e-07,-4.62453e-07,8.42243e-13,5,4,TAK,7.99445e-13,-9.90704e-13,1.46771e-24,5,4,4,TAK
Zmienny,86,-1.11347,-0.964988,-2.15299e-06,2.4296e-06,9.9428e-12,3,2,TAK,-1.64835e-06,3.80799e-06,1.3658e-11,3,2,TAK,-1.07078,0.535373,0.877361,3,2,2,NIE
Zmienny,87,1.84935,1.81356,-5.58513e-07,-3.19778e-06,1.26357e-11,5,4,TAK,-3.96227e-07,2.66673e-06,6.36883e-12,5,4,TAK,1.74755,-0.873776,0.298638,5,4,4,NIE
Zmienny,88,-1.86645,1.27855,-1.74755,0.873795,0.298638,5,4,NIE,-1.74755,0.873777,0.298638,5,4,NIE,-1.74755,0.873776,0.298638,5,4,4,NIE
Zmienny,89,1.70371,1.99433,2.29647e-06,-2.54396e-06,1.11772e-11,5,4,TAK,-3.20546e-07,4.70361e-06,2.08218e-11,5,4,TAK,1.74755,-0.873776,0.298638,5,4,4,NIE
Zmienny,90,0.0118926,1.24774,4.94789e-08,5.20555e-06,2.73602e-11,3,2,TAK,-1.89689e-07,4.09308e-07,1.61856e-13,3,2,TAK,-1.91992e-11,3.87552e-11,1.49511e-21,3,2,2,TAK
Zmienny,91,-0.0334635,-0.878165,-1.2554e-07,-3.3011e-06,1.13432e-11,4,3,TAK,3.00294e-07,-6.67633e-07,4.256e-13,4,3,TAK,2.08662e-15,-1.14367e-15,7.62954e-30,4,3,3,TAK
Zmienny,92,0.541274,0.641544,6.96976e-07,1.39658e-06,3.89538e-12,5,4,TAK,-5.24118e-07,6.41465e-06,3.83351e-11,5,4,TAK,-1.74755,0.873776,0.298638,5,4,4,NIE
Zmienny,93,-0.703286,-1.29597,2.51059e-06,-3.88886e-06,1.7966e-11,5,4,TAK,3.89731e-07,-1.87712e-06,3.09578e-12,5,4,TAK,1.74755,-0.873776,0.298638,5,4,4,NIE
Zmienny,94,-0.1135,0.504737,-1.36702e-06,6.16299e-06,3.3295e-11,4,3,TAK,-1.17281e-07,2.19027e-07,4.97948e-14,4,3,TAK,-8.13888e-14,1.87834e-13,3.32422e-26,4,3,3,TAK
Zmienny,95,-1.57793,0.948011,-1.74755,0.873777,0.298638,5,4,NIE,-1.74755,0.873776,0.298638,5,4,NIE,-1.74755,0.873776,0.298638,5,4,4,NIE
Zmienny,96,0.659708,-1.79176,1.23641e-06,-5.76955e-06,2.92116e-11,5,4,TAK,-6.15886e-08,-1.24675e-06,1.63874e-12,5,4,TAK,1.74755,-0.873776,0.298638,5,4,4,NIE
Zmienny,97,-1.83948,0.348284,-1.74755,0.873758,0.298638,5,4,NIE,-1.74755,0.87378,0.298638,5,4,NIE,-1.74755,0.873776,0.298638,5,4,4,NIE
Zmienny,98,-1.0514,0.676448,-1.74755,0.873762,0.298638,3,2,NIE,-nan,-nan,-nan,3,2,NIE,-1.07067,0.535335,0.877362,3,2,2,NIE
Zmienny,99,-0.61759,-0.136624,-4.41109e-08,9.75917e-08,9.11082e-15,5,4,TAK,7.30925e-07,-1.31374e-06,1.83417e-12,5,4,TAK,-1.74755,0.873776,0.298638,5,4,4,NIE
Zmienny,100,-0.40191,0.994286,-6.10157e-07,1.78516e-06,2.84216e-12,5,4,TAK,1.54212e-06,-4.79606e-07,4.24665e-12,5,4,TAK,1.58268e-13,1.84621e-13,1.13402e-25,5,4,4,TAK
